Country Name,1961,1962,1963,1964,1965,1966,1967,1968,1969,1970,1971,1972,1973,1974,1975,1976,1977,1978,1979,1980,1981,1982,1983,1984,1985,1986,1987,1988,1989,1990,1991,1992,1993,1994,1995,1996,1997,1998,1999,2000,2001,2002,2003,2004,2005,2006,2007,2008,2009,2010,2011,2012,2013,2014,2015
Aruba,180,180,180,180,180,180,180,180,180,180,180,180,180,180,180,180,180,180,180,180,180,180,180,180,180,180,180,180,180,180,180,180,180,180,180,180,180,180,180,180,180,180,180,180,180,180,180,180,180,180,180,180,180,180,180
Afghanistan,652860,652860,652860,652860,652860,652860,652860,652860,652860,652860,652860,652860,652860,652860,652860,652860,652860,652860,652860,652860,652860,652860,652860,652860,652860,652860,652860,652860,652860,652860,652860,652860,652860,652860,652860,652860,652860,652860,652860,652860,652860,652860,652860,652860,652860,652860,652860,652860,652860,652860,652860,652860,652860,652860,652860
Angola,1246700,1246700,1246700,1246700,1246700,1246700,1246700,1246700,1246700,1246700,1246700,1246700,1246700,1246700,1246700,1246700,1246700,1246700,1246700,1246700,1246700,1246700,1246700,1246700,1246700,1246700,1246700,1246700,1246700,1246700,1246700,1246700,1246700,1246700,1246700,1246700,1246700,1246700,1246700,1246700,1246700,1246700,1246700,1246700,1246700,1246700,1246700,1246700,1246700,1246700,1246700,1246700,1246700,1246700,1246700
Albania,28750,28750,28750,28750,28750,28750,28750,28750,28750,28750,28750,28750,28750,28750,28750,28750,28750,28750,28750,28750,28750,28750,28750,28750,28750,28750,28750,28750,28750,28750,28750,28750,28750,28750,28750,28750,28750,28750,28750,28750,28750,28750,28750,28750,28750,28750,28750,28750,28750,28750,28750,28750,28750,28750,28750
Andorra,470,470,470,470,470,470,470,470,470,470,470,470,470,470,470,470,470,470,470,470,470,470,470,470,470,470,470,470,470,470,470,470,470,470,470,470,470,470,470,470,470,470,470,470,470,470,470,470,470,470,470,470,470,470,470
Arab World,13781751,13781751,13781751,13781751,13781751,13781751,13781751,13781751,13781751,13781751,13781751,13781751,13781751,13781751,13781751,13781751,13781751,13781751,13781751,13781751,13781751,13781751,13781751,13781751,13781751,13781751,13781751,13781751,13781751,13781751,13781751,13781771,13781771,13781771,13781771,13781771,13781771,13781771,13781771,13781771,13781771,13781771,13781781,13781791,13781801,13781801,13781811,13781821,13779281,13779283,13152835.5,13152648.5,13152648.5,13152649.5,13152649.5
United Arab Emirates,83600,83600,83600,83600,83600,83600,83600,83600,83600,83600,83600,83600,83600,83600,83600,83600,83600,83600,83600,83600,83600,83600,83600,83600,83600,83600,83600,83600,83600,83600,83600,83600,83600,83600,83600,83600,83600,83600,83600,83600,83600,83600,83600,83600,83600,83600,83600,83600,83600,83600,83600,83600,83600,83600,83600
Argentina,2780400,2780400,2780400,2780400,2780400,2780400,2780400,2780400,2780400,2780400,2780400,2780400,2780400,2780400,2780400,2780400,2780400,2780400,2780400,2780400,2780400,2780400,2780400,2780400,2780400,2780400,2780400,2780400,2780400,2780400,2780400,2780400,2780400,2780400,2780400,2780400,2780400,2780400,2780400,2780400,2780400,2780400,2780400,2780400,2780400,2780400,2780400,2780400,2780400,2780400,2780400,2780400,2780400,2780400,2780400
Armenia,29740,29740,29740,29740,29740,29740,29740,29740,29740,29740,29740,29740,29740,29740,29740,29740,29740,29740,29740,29740,29740,29740,29740,29740,29740,29740,29740,29740,29740,29740,29740,29740,29740,29740,29740,29740,29740,29740,29740,29740,29740,29740,29740,29740,29740,29740,29740,29740,29740,29740,29740,29740,29740,29740,29740
American Samoa,200,200,200,200,200,200,200,200,200,200,200,200,200,200,200,200,200,200,200,200,200,200,200,200,200,200,200,200,200,200,200,200,200,200,200,200,200,200,200,200,200,200,200,200,200,200,200,200,200,200,200,200,200,200,200
Antigua and Barbuda,440,440,440,440,440,440,440,440,440,440,440,440,440,440,440,440,440,440,440,440,440,440,440,440,440,440,440,440,440,440,440,440,440,440,440,440,440,440,440,440,440,440,440,440,440,440,440,440,440,440,440,440,440,440,440
Australia,7741220,7741220,7741220,7741220,7741220,7741220,7741220,7741220,7741220,7741220,7741220,7741220,7741220,7741220,7741220,7741220,7741220,7741220,7741220,7741220,7741220,7741220,7741220,7741220,7741220,7741220,7741220,7741220,7741220,7741220,7741220,7741220,7741220,7741220,7741220,7741220,7741220,7741220,7741220,7741220,7741220,7741220,7741220,7741220,7741220,7741220,7741220,7741220,7741220,7741220,7741220,7741220,7741220,7741220,7741220
Austria,83879,83879,83879,83879,83879,83879,83879,83879,83879,83879,83879,83879,83879,83879,83879,83879,83879,83879,83879,83879,83879,83879,83879,83879,83879,83879,83879,83879,83879,83879,83879,83879,83879,83879,83879,83879,83879,83879,83879,83879,83879,83879,83879,83879,83879,83879,83879,83879,83879,83879,83879,83879,83879,83879,83879
Azerbaijan,86600,86600,86600,86600,86600,86600,86600,86600,86600,86600,86600,86600,86600,86600,86600,86600,86600,86600,86600,86600,86600,86600,86600,86600,86600,86600,86600,86600,86600,86600,86600,86600,86600,86600,86600,86600,86600,86600,86600,86600,86600,86600,86600,86600,86600,86600,86600,86600,86600,86600,86600,86600,86600,86600,86600
Burundi,27830,27830,27830,27830,27830,27830,27830,27830,27830,27830,27830,27830,27830,27830,27830,27830,27830,27830,27830,27830,27830,27830,27830,27830,27830,27830,27830,27830,27830,27830,27830,27830,27830,27830,27830,27830,27830,27830,27830,27830,27830,27830,27830,27830,27830,27830,27830,27830,27830,27830,27830,27830,27830,27830,27830
Belgium,,,,,,,,,,,,,,,,,,,,,,,,,,,,,,,,,,,,,,,,30530,30530,30530,30530,30530,30530,30530,30530,30530,30530,30530,30530,30530,30530,30530,30530
Benin,114760,114760,114760,114760,114760,114760,114760,114760,114760,114760,114760,114760,114760,114760,114760,114760,114760,114760,114760,114760,114760,114760,114760,114760,114760,114760,114760,114760,114760,114760,114760,114760,114760,114760,114760,114760,114760,114760,114760,114760,114760,114760,114760,114760,114760,114760,114760,114760,114760,114760,114760,114760,114760,114760,114760
Burkina Faso,274220,274220,274220,274220,274220,274220,274220,274220,274220,274220,274220,274220,274220,274220,274220,274220,274220,274220,274220,274220,274220,274220,274220,274220,274220,274220,274220,274220,274220,274220,274220,274220,274220,274220,274220,274220,274220,274220,274220,274220,274220,274220,274220,274220,274220,274220,274220,274220,274220,274220,274220,274220,274220,274220,274220
Bangladesh,148460,148460,148460,148460,148460,148460,148460,148460,148460,148460,148460,148460,148460,148460,148460,148460,148460,148460,148460,148460,148460,148460,148460,148460,148460,148460,148460,148460,148460,148460,148460,148460,148460,148460,148460,148460,148460,148460,148460,148460,148460,148460,148460,148460,148460,148460,148460,148460,148460,148460,148460,148460,148460,147630,147630
Bulgaria,110990,110990,110990,110990,110990,110990,110990,110990,110990,110990,110990,110990,110990,110990,110990,110990,110990,110990,110990,110990,110990,110990,110990,110990,110990,110990,110990,110990,110990,110990,110990,110990,110990,110990,110990,110990,110990,110990,110990,110990,110990,110990,110990,111000,111000,111000,111000,111000,111000,111000,111000,111000,111000,111000,111000
Bahrain,690,690,690,690,690,690,690,690,690,690,690,690,690,690,690,690,690,690,690,690,690,690,690,690,690,690,690,690,690,690,690,710,710,710,710,710,710,710,710,710,710,710,720,730,740,740,750,760,760,762,767,770,770,771,771
"Bahamas, The",13880,13880,13880,13880,13880,13880,13880,13880,13880,13880,13880,13880,13880,13880,13880,13880,13880,13880,13880,13880,13880,13880,13880,13880,13880,13880,13880,13880,13880,13880,13880,13880,13880,13880,13880,13880,13880,13880,13880,13880,13880,13880,13880,13880,13880,13880,13880,13880,13880,13880,13880,13880,13880,13880,13880
Bosnia and Herzegovina,51210,51210,51210,51210,51210,51210,51210,51210,51210,51210,51210,51210,51210,51210,51210,51210,51210,51210,51210,51210,51210,51210,51210,51210,51210,51210,51210,51210,51210,51210,51210,51210,51210,51210,51210,51210,51210,51210,51210,51210,51210,51210,51210,51210,51210,51210,51210,51210,51210,51210,51210,51210,51210,51210,51210
Belarus,207600,207600,207600,207600,207600,207600,207600,207600,207600,207600,207600,207600,207600,207600,207600,207600,207600,207600,207600,207600,207600,207600,207600,207600,207600,207600,207600,207600,207600,207600,207600,207600,207600,207600,207600,207600,207600,207600,207600,207600,207600,207600,207600,207600,207600,207600,207600,207600,207600,207600,207600,207600,207600,207600,207600
Belize,22970,22970,22970,22970,22970,22970,22970,22970,22970,22970,22970,22970,22970,22970,22970,22970,22970,22970,22970,22970,22970,22970,22970,22970,22970,22970,22970,22970,22970,22970,22970,22970,22970,22970,22970,22970,22970,22970,22970,22970,22970,22970,22970,22970,22970,22970,22970,22970,22970,22970,22970,22970,22970,22970,22970
Bermuda,50,50,50,50,50,50,50,50,50,50,50,50,50,50,50,50,50,50,50,50,50,50,50,50,50,50,50,50,50,50,50,50,50,50,50,50,50,50,50,50,50,50,50,50,50,50,50,50,50,50,50,50,50,50,50
Bolivia,1098580,1098580,1098580,1098580,1098580,1098580,1098580,1098580,1098580,1098580,1098580,1098580,1098580,1098580,1098580,1098580,1098580,1098580,1098580,1098580,1098580,1098580,1098580,1098580,1098580,1098580,1098580,1098580,1098580,1098580,1098580,1098580,1098580,1098580,1098580,1098580,1098580,1098580,1098580,1098580,1098580,1098580,1098580,1098580,1098580,1098580,1098580,1098580,1098580,1098580,1098580,1098580,1098580,1098580,1098580
Brazil,8515770,8515770,8515770,8515770,8515770,8515770,8515770,8515770,8515770,8515770,8515770,8515770,8515770,8515770,8515770,8515770,8515770,8515770,8515770,8515770,8515770,8515770,8515770,8515770,8515770,8515770,8515770,8515770,8515770,8515770,8515770,8515770,8515770,8515770,8515770,8515770,8515770,8515770,8515770,8515770,8515770,8515770,8515770,8515770,8515770,8515770,8515770,8515770,8515770,8515770,8515770,8515770,8515770,8515770,8515770
Barbados,430,430,430,430,430,430,430,430,430,430,430,430,430,430,430,430,430,430,430,430,430,430,430,430,430,430,430,430,430,430,430,430,430,430,430,430,430,430,430,430,430,430,430,430,430,430,430,430,430,430,430,430,430,430,430
Brunei Darussalam,5770,5770,5770,5770,5770,5770,5770,5770,5770,5770,5770,5770,5770,5770,5770,5770,5770,5770,5770,5770,5770,5770,5770,5770,5770,5770,5770,5770,5770,5770,5770,5770,5770,5770,5770,5770,5770,5770,5770,5770,5770,5770,5770,5770,5770,5770,5770,5770,5770,5770,5770,5770,5770,5770,5770
Bhutan,47000,47000,47000,47000,47000,47000,47000,47000,47000,47000,47000,47000,47000,47000,47000,47000,47000,47000,47000,47000,47000,47000,47000,47000,47000,47000,47000,47000,47000,47000,47000,47000,47000,40077,40077,40077,40077,40077,40077,40077,40077,40077,40077,38394,38394,38394,38394,38394,38394,38394,38394,38394,38394,38394,38394
Botswana,581730,581730,581730,581730,581730,581730,581730,581730,581730,581730,581730,581730,581730,581730,581730,581730,581730,581730,581730,581730,581730,581730,581730,581730,581730,581730,581730,581730,581730,581730,581730,581730,581730,581730,581730,581730,581730,581730,581730,581730,581730,581730,581730,581730,581730,581730,581730,581730,581730,581730,581730,581730,581730,581730,581730
Central African Republic,622980,622980,622980,622980,622980,622980,622980,622980,622980,622980,622980,622980,622980,622980,622980,622980,622980,622980,622980,622980,622980,622980,622980,622980,622980,622980,622980,622980,622980,622980,622980,622980,622980,622980,622980,622980,622980,622980,622980,622980,622980,622980,622980,622980,622980,622980,622980,622980,622980,622980,622980,622980,622980,622980,622980
Canada,9984670,9984670,9984670,9984670,9984670,9984670,9984670,9984670,9984670,9984670,9984670,9984670,9984670,9984670,9984670,9984670,9984670,9984670,9984670,9984670,9984670,9984670,9984670,9984670,9984670,9984670,9984670,9984670,9984670,9984670,9984670,9984670,9984670,9984670,9984670,9984670,9984670,9984670,9984670,9984670,9984670,9984670,9984670,9984670,9984670,9984670,9984670,9984670,9984670,9984670,9984670,9984670,9984670,9984670,9984670
Central Europe and the Baltics,1134899,1134899,1134899,1134899,1134899,1134899,1134899,1134899,1134899,1134899,1134899,1134899,1134899,1134899,1134899,1134899,1134899,1134899,1134899,1134899,1134899,1134899,1134899,1134899,1134899,1134899,1134899,1134899,1134899,1134899,1134899,1134899,1134899,1134899,1134899,1134969,1134969,1134899,1134899,1134899,1134899,1134899,1134899,1134959,1134959,1134949,1134949,1134954,1134960,1134907,1134876,1134876,1134886,1134871,1134871
Switzerland,41290,41290,41290,41290,41290,41290,41290,41290,41290,41290,41290,41290,41290,41290,41290,41290,41290,41290,41290,41290,41290,41290,41290,41290,41290,41290,41290,41290,41290,41290,41290,41290,41290,41290,41290,41290,41290,41290,41290,41290,41290,41290,41290,41290,41290,41290,41290,41290,41290,41290,41290,41290,41290,41290,41290
Channel Islands,190,190,190,190,190,190,190,190,190,190,190,190,190,190,190,190,190,190,190,190,190,190,190,190,190,190,190,190,190,190,190,190,190,190,190,190,190,190,190,190,190,190,190,190,190,190,190,190,190,190,190,190,190,190,190
Chile,756096,756096,756096,756096,756096,756096,756096,756096,756096,756096,756096,756096,756096,756096,756096,756096,756096,756096,756096,756096,756096,756096,756096,756096,756096,756096,756096,756096,756096,756096,756096,756096,756096,756096,756096,756096,756096,756096,756096,756096,756096,756096,756096,756096,756096,756096,756096,756096,756096,756096,756096,756096,756096,756096,756096
China,9562950,9562950,9562950,9562950,9562950,9562950,9562950,9562950,9562950,9562950,9562950,9562950,9562950,9562950,9562950,9562950,9562950,9562950,9562950,9562950,9562950,9562950,9562950,9562950,9562950,9562950,9562950,9562950,9562950,9562950,9562950,9562950,9562950,9562950,9562940,9562930,9562930,9562930,9562930,9562920,9562914.2,9562913.2,9562912.7,9562912.5,9562911.8,9562911.4,9562910.8,9562910.8,9562911,9562911,9562911,9562911,9562911,9562911,9562911
Cote d'Ivoire,322460,322460,322460,322460,322460,322460,322460,322460,322460,322460,322460,322460,322460,322460,322460,322460,322460,322460,322460,322460,322460,322460,322460,322460,322460,322460,322460,322460,322460,322460,322460,322460,322460,322460,322460,322460,322460,322460,322460,322460,322460,322460,322460,322460,322460,322460,322460,322460,322460,322460,322460,322460,322460,322460,322460
Cameroon,475440,475440,475440,475440,475440,475440,475440,475440,475440,475440,475440,475440,475440,475440,475440,475440,475440,475440,475440,475440,475440,475440,475440,475440,475440,475440,475440,475440,475440,475440,475440,475440,475440,475440,475440,475440,475440,475440,475440,475440,475440,475440,475440,475440,475440,475440,475440,475440,475440,475440,475440,475440,475440,475440,475440
"Congo, Dem. Rep.",2344860,2344860,2344860,2344860,2344860,2344860,2344860,2344860,2344860,2344860,2344860,2344860,2344860,2344860,2344860,2344860,2344860,2344860,2344860,2344860,2344860,2344860,2344860,2344860,2344860,2344860,2344860,2344860,2344860,2344860,2344860,2344860,2344860,2344860,2344860,2344860,2344860,2344860,2344860,2344860,2344860,2344860,2344860,2344860,2344860,2344860,2344860,2344860,2344860,2344860,2344860,2344860,2344860,2344860,2344860
"Congo, Rep.",342000,342000,342000,342000,342000,342000,342000,342000,342000,342000,342000,342000,342000,342000,342000,342000,342000,342000,342000,342000,342000,342000,342000,342000,342000,342000,342000,342000,342000,342000,342000,342000,342000,342000,342000,342000,342000,342000,342000,342000,342000,342000,342000,342000,342000,342000,342000,342000,342000,342000,342000,342000,342000,342000,342000
Colombia,1141750,1141750,1141750,1141750,1141750,1141750,1141750,1141750,1141750,1141750,1141750,1141750,1141750,1141750,1141750,1141750,1141750,1141750,1141750,1141750,1141750,1141750,1141750,1141750,1141750,1141750,1141750,1141750,1141750,1141750,1141750,1141750,1141750,1141750,1141750,1141750,1141750,1141750,1141750,1141750,1141750,1141750,1141750,1141750,1141750,1141750,1141750,1141750,1141750,1141750,1141750,1141748,1141749,1141749,1141749
Comoros,1861,1861,1861,1861,1861,1861,1861,1861,1861,1861,1861,1861,1861,1861,1861,1861,1861,1861,1861,1861,1861,1861,1861,1861,1861,1861,1861,1861,1861,1861,1861,1861,1861,1861,1861,1861,1861,1861,1861,1861,1861,1861,1861,1861,1861,1861,1861,1861,1861,1861,1861,1861,1861,1861,1861
Cabo Verde,4030,4030,4030,4030,4030,4030,4030,4030,4030,4030,4030,4030,4030,4030,4030,4030,4030,4030,4030,4030,4030,4030,4030,4030,4030,4030,4030,4030,4030,4030,4030,4030,4030,4030,4030,4030,4030,4030,4030,4030,4030,4030,4030,4030,4030,4030,4030,4030,4030,4030,4030,4030,4030,4030,4030
Costa Rica,51100,51100,51100,51100,51100,51100,51100,51100,51100,51100,51100,51100,51100,51100,51100,51100,51100,51100,51100,51100,51100,51100,51100,51100,51100,51100,51100,51100,51100,51100,51100,51100,51100,51100,51100,51100,51100,51100,51100,51100,51100,51100,51100,51100,51100,51100,51100,51100,51100,51100,51100,51100,51100,51100,51100
Caribbean small states,435080,435080,435080,435080,435080,435080,435080,435080,435080,435080,435080,435080,435080,435080,435080,435080,435080,435080,435080,434990,434990,434990,434990,434990,434990,434990,434990,434990,434990,434990,434990,434990,434990,434990,434990,434990,434990,434990,434990,434990,434990,434990,434990,434990,434990,434990,434990,434990,434990,434990,434990,434990,434990,434990,434990
Cuba,109890,109890,109890,109890,109890,109890,109890,109890,109890,109890,109890,109890,109890,109890,109890,109890,109890,109890,109890,109890,109890,109890,109890,109890,109890,109890,109890,109890,109890,109890,109890,109890,109890,109890,109890,109890,109890,109890,109890,109890,109890,109890,109890,109890,109890,109890,109890,109890,109890,109880,109880,109880,109880,109880,109880
Curacao,444,444,444,444,444,444,444,444,444,444,444,444,444,444,444,444,444,444,444,444,444,444,444,444,444,444,444,444,444,444,444,444,444,444,444,444,444,444,444,444,444,444,444,444,444,444,444,444,444,444,444,444,444,444,444
Cayman Islands,264,264,264,264,264,264,264,264,264,264,264,264,264,264,264,264,264,264,264,264,264,264,264,264,264,264,264,264,264,264,264,264,264,264,264,264,264,264,264,264,264,264,264,264,264,264,264,264,264,264,264,264,264,264,264
Cyprus,9250,9250,9250,9250,9250,9250,9250,9250,9250,9250,9250,9250,9250,9250,9250,9250,9250,9250,9250,9250,9250,9250,9250,9250,9250,9250,9250,9250,9250,9250,9250,9250,9250,9250,9250,9250,9250,9250,9250,9250,9250,9250,9250,9250,9250,9250,9250,9250,9250,9250,9250,9250,9250,9250,9250
Czech Republic,78870,78870,78870,78870,78870,78870,78870,78870,78870,78870,78870,78870,78870,78870,78870,78870,78870,78870,78870,78870,78870,78870,78870,78870,78870,78870,78870,78870,78870,78870,78870,78870,78870,78870,78870,78870,78870,78870,78870,78870,78870,78870,78870,78870,78870,78870,78870,78870,78870,78870,78870,78870,78870,78870,78870
Germany,356970,356970,356970,356970,356970,356970,356970,356970,356970,356970,356970,356970,356970,356970,356970,356970,356970,356970,356970,356970,356970,356970,356970,356970,356970,356970,356970,356970,356970,356970,356970,356970,356990,357000,357020,357030,357030,357030,357030,357030,357030,357040,357040,357050,357090,357100,357100,357110,357120,357127,357140,357170,357340,357380,357380
Djibouti,23200,23200,23200,23200,23200,23200,23200,23200,23200,23200,23200,23200,23200,23200,23200,23200,23200,23200,23200,23200,23200,23200,23200,23200,23200,23200,23200,23200,23200,23200,23200,23200,23200,23200,23200,23200,23200,23200,23200,23200,23200,23200,23200,23200,23200,23200,23200,23200,23200,23200,23200,23200,23200,23200,23200
Dominica,750,750,750,750,750,750,750,750,750,750,750,750,750,750,750,750,750,750,750,750,750,750,750,750,750,750,750,750,750,750,750,750,750,750,750,750,750,750,750,750,750,750,750,750,750,750,750,750,750,750,750,750,750,750,750
Denmark,43090,43090,43090,43090,43090,43090,43090,43090,43090,43090,43090,43090,43090,43090,43090,43090,43090,43090,43090,43090,43090,43090,43090,43090,43090,43090,43090,43090,43090,43090,43090,43090,43090,43090,43090,43090,43090,43090,43090,43090,43090,43090,43090,43090,43090,43090,43090,43090,43090,43090,43090,42890,42916,42922,42922
Dominican Republic,48670,48670,48670,48670,48670,48670,48670,48670,48670,48670,48670,48670,48670,48670,48670,48670,48670,48670,48670,48670,48670,48670,48670,48670,48670,48670,48670,48670,48670,48670,48670,48670,48670,48670,48670,48670,48670,48670,48670,48670,48670,48670,48670,48670,48670,48670,48670,48670,48670,48670,48670,48670,48670,48670,48670
Algeria,2381740,2381740,2381740,2381740,2381740,2381740,2381740,2381740,2381740,2381740,2381740,2381740,2381740,2381740,2381740,2381740,2381740,2381740,2381740,2381740,2381740,2381740,2381740,2381740,2381740,2381740,2381740,2381740,2381740,2381740,2381740,2381740,2381740,2381740,2381740,2381740,2381740,2381740,2381740,2381740,2381740,2381740,2381740,2381740,2381740,2381740,2381740,2381740,2381740,2381740,2381740,2381740,2381740,2381740,2381740
East Asia & Pacific (excluding high income),16270300,16270300,16270300,16270300,16270300,16270300,16270300,16270300,16270300,16270300,16270300,16270300,16270300,16270300,16270300,16270300,16268180,16268180,16270220,16270300,16270300,16270300,16270300,16270300,16270300,16270300,16268960,16268970,16268970,16269640,16270550,16270580,16270600,16270600,16270590,16270580,16270580,16270580,16270580,16268700,16268704.2,16268753.2,16268762.7,16268766.5,16270663.8,16270663.4,16270662.8,16270501.8,16270502,16270405,16270408,16270422,16270423,16270419,16270419
Early-demographic dividend,34259640,34259640,34259640,34259640,34259640,34259640,34259640,34259640,34259640,34259640,34259640,34259640,34259640,34259640,34259640,34259640,34259640,34259640,34259640,34259640,34259640,34259640,34259640,34259640,34259640,34259640,34259640,34259640,34259640,34259640,34260340,34260360,34142760,34135837,34135837,34135837,34135837,34108647,34108647,34108647,34108647,34108647,34108657,34106984,34106994,34106994,34107004,34107014,34107554,34107558,34107563,34107566,34107566,34105563,34105563
East Asia & Pacific,24822910,24822910,24822910,24822910,24822910,24822910,24822910,24822910,24822910,24822910,24822910,24822910,24822910,24822910,24822910,24822910,24820790,24820790,24822830,24822910,24822910,24822910,24822910,24822910,24822910,24822910,24821570,24821580,24821580,24822250,24824080,24824110,24824130,24824130,24824130,24824130,24824130,24824130,24824130,24822260,24822630.2,24822745.2,24822786.7,24822823.5,24824750.8,24824796,24824847,24824811,24824888.5,24824926.7,24824936.9,24825077.9,24825198.3,24825215.3,24825215.3
Europe & Central Asia (excluding high income),23485557,23485557,23485557,23485557,23485557,23485557,23485557,23485557,23485557,23485557,23485557,23485557,23485557,23485557,23485557,23485557,23485557,23485557,23485557,23485557,23485557,23485557,23485557,23485557,23485557,23485557,23485557,23485557,23485557,23485557,23485557,23485559,23485629,23485629,23485639,23485639,23485629,23485629,23485629,23485629,23485629,23485629,23485629,23485649,23485649,23485649,23485649,23485649,23485648,23485658,23485658,23485658,23485658,23484484,23484484
Europe & Central Asia,28362657,28362657,28362657,28362657,28362657,28362657,28362657,28362657,28362657,28362657,28362657,28362657,28362657,28362657,28362657,28362657,28362657,28362657,28362657,28362657,28362657,28362657,28362657,28362657,28362657,28362657,28362657,28362657,28362657,28362657,28362657,28362659,28362749,28362759,28362789,28362869,28431609,28431539,28431539,28463670,28463690,28464000,28464350,28464130,28464150,28464440,28464420,28464435,28464570,28464764,28464746,28462036,28462252,28461114,28461114
Ecuador,283560,283560,283560,283560,283560,283560,283560,283560,283560,283560,283560,283560,283560,283560,283560,283560,283560,283560,283560,283560,283560,283560,283560,283560,283560,283560,283560,283560,283560,283560,283560,283560,283560,283560,283560,283560,283560,256370,256370,256370,256370,256370,256370,256370,256370,256370,256370,256370,256370,256370,256370,256370,256370,256370,256370
"Egypt, Arab Rep.",1001450,1001450,1001450,1001450,1001450,1001450,1001450,1001450,1001450,1001450,1001450,1001450,1001450,1001450,1001450,1001450,1001450,1001450,1001450,1001450,1001450,1001450,1001450,1001450,1001450,1001450,1001450,1001450,1001450,1001450,1001450,1001450,1001450,1001450,1001450,1001450,1001450,1001450,1001450,1001450,1001450,1001450,1001450,1001450,1001450,1001450,1001450,1001450,1001450,1001450,1001450,1001450,1001450,1001450,1001450
Euro area,2725264,2725264,2725264,2725264,2725264,2725264,2725264,2725264,2725264,2725264,2725264,2725264,2725264,2725264,2725264,2725264,2725264,2725264,2725264,2725264,2725264,2725264,2725264,2725264,2725264,2725264,2725264,2725264,2725264,2725264,2725264,2725264,2725284,2725294,2725314,2725324,2725324,2725324,2725324,2757455,2757475,2757785,2758135,2757845,2757865,2758165,2758145,2758160,2758296,2758480,2758462,2758832,2759022,2759052,2759052
Eritrea,,,,,,,,,,,,,,,,,,,,,,,,,,,,,,,,,117600,117600,117600,117600,117600,117600,117600,117600,117600,117600,117600,117600,117600,117600,117600,117600,117600,117600,117600,117600,117600,117600,117600
Spain,505990,505990,505990,505990,505990,505990,505990,505990,505990,505990,505990,505990,505990,505990,505990,505990,505990,505990,505990,505990,505990,505990,505990,505990,505990,505990,505990,505990,505990,505990,505990,505990,505990,505990,505990,505990,505990,505990,505990,505000,505020,505320,505370,505370,505370,505370,505370,505370,505370,505600,505600,505940,505940,505940,505940
Estonia,45230,45230,45230,45230,45230,45230,45230,45230,45230,45230,45230,45230,45230,45230,45230,45230,45230,45230,45230,45230,45230,45230,45230,45230,45230,45230,45230,45230,45230,45230,45230,45230,45230,45230,45230,45230,45230,45230,45230,45230,45230,45230,45230,45230,45230,45230,45230,45230,45230,45230,45230,45230,45230,45230,45230
Ethiopia,1221900,1221900,1221900,1221900,1221900,1221900,1221900,1221900,1221900,1221900,1221900,1221900,1221900,1221900,1221900,1221900,1221900,1221900,1221900,1221900,1221900,1221900,1221900,1221900,1221900,1221900,1221900,1221900,1221900,1221900,1221900,1221900,1104300,1104300,1104300,1104300,1104300,1104300,1104300,1104300,1104300,1104300,1104300,1104300,1104300,1104300,1104300,1104300,1104300,1104300,1104300,1104300,1104300,1104300,1104300
European Union,4352774,4352774,4352774,4352774,4352774,4352774,4352774,4352774,4352774,4352774,4352774,4352774,4352774,4352774,4352774,4352774,4352774,4352774,4352774,4352774,4352774,4352774,4352774,4352774,4352774,4352774,4352774,4352774,4352774,4352774,4352774,4352774,4352794,4352804,4352824,4352904,4352904,4352834,4352834,4384965,4384985,4385295,4385645,4385415,4385435,4385725,4385705,4385720,4385856,4386040,4386022,4383312,4383528,4383564,4383564
Fragile and conflict affected situations,15561598,15561598,15561598,15561598,15561598,15561598,15561598,15561598,15561598,15561598,15561598,15561598,15561598,15561598,15561598,15561598,15561598,15561598,15561598,15561598,15561598,15561598,15561598,15561598,15561598,15561598,15561598,15561598,15561598,15561598,15562478,15562478,15680078,15680078,15680078,15680078,15680078,15680078,15680078,15680078,15680078,15680078,15680078,15680078,15680078,15680078,15680078,15680078,15676998,15676998,15694875.5,15694685.5,15694685.5,15694685.5,15694685.5
Finland,338150,338150,338150,338150,338150,338150,338150,338150,338150,338150,338150,338150,338150,338150,338150,338150,338150,338150,338150,338150,338150,338150,338150,338150,338150,338150,338150,338150,338150,338150,338150,338150,338150,338150,338150,338150,338150,338150,338150,338150,338150,338150,338150,338150,338150,338440,338420,338420,338420,338420,338420,338420,338420,338420,338420
Fiji,18270,18270,18270,18270,18270,18270,18270,18270,18270,18270,18270,18270,18270,18270,18270,18270,18270,18270,18270,18270,18270,18270,18270,18270,18270,18270,18270,18270,18270,18270,18270,18270,18270,18270,18270,18270,18270,18270,18270,18270,18270,18270,18270,18270,18270,18270,18270,18270,18270,18270,18270,18270,18270,18270,18270
France,549086,549086,549086,549086,549086,549086,549086,549086,549086,549086,549086,549086,549086,549086,549086,549086,549086,549086,549086,549086,549086,549086,549086,549086,549086,549086,549086,549086,549086,549086,549086,549086,549086,549086,549086,549086,549086,549086,549086,549087,549087,549087,549387,549087,549087,549087,549087,549087,549087,549087,549087,549087,549087,549087,549087
Faroe Islands,1396,1396,1396,1396,1396,1396,1396,1396,1396,1396,1396,1396,1396,1396,1396,1396,1396,1396,1396,1396,1396,1396,1396,1396,1396,1396,1396,1396,1396,1396,1396,1396,1396,1396,1396,1396,1396,1396,1396,1396,1396,1396,1396,1396,1396,1396,1396,1396,1396,1396,1396,1396,1396,1396,1396
"Micronesia, Fed. Sts.",,,,,,,,,,,,,,,,,,,,,,,,,,,,,,,700,700,700,700,700,700,700,700,700,700,700,700,700,700,700,700,700,700,700,700,700,700,700,700,700
Gabon,267670,267670,267670,267670,267670,267670,267670,267670,267670,267670,267670,267670,267670,267670,267670,267670,267670,267670,267670,267670,267670,267670,267670,267670,267670,267670,267670,267670,267670,267670,267670,267670,267670,267670,267670,267670,267670,267670,267670,267670,267670,267670,267670,267670,267670,267670,267670,267670,267670,267670,267670,267670,267670,267670,267670
United Kingdom,243610,243610,243610,243610,243610,243610,243610,243610,243610,243610,243610,243610,243610,243610,243610,243610,243610,243610,243610,243610,243610,243610,243610,243610,243610,243610,243610,243610,243610,243610,243610,243610,243610,243610,243610,243610,243610,243610,243610,243610,243610,243610,243610,243610,243610,243610,243610,243610,243610,243610,243610,243610,243610,243610,243610
Georgia,69700,69700,69700,69700,69700,69700,69700,69700,69700,69700,69700,69700,69700,69700,69700,69700,69700,69700,69700,69700,69700,69700,69700,69700,69700,69700,69700,69700,69700,69700,69700,69700,69700,69700,69700,69700,69700,69700,69700,69700,69700,69700,69700,69700,69700,69700,69700,69700,69700,69700,69700,69700,69700,69700,69700
Ghana,238540,238540,238540,238540,238540,238540,238540,238540,238540,238540,238540,238540,238540,238540,238540,238540,238540,238540,238540,238540,238540,238540,238540,238540,238540,238540,238540,238540,238540,238540,238540,238540,238540,238540,238540,238540,238540,238540,238540,238540,238540,238540,238540,238540,238540,238540,238540,238540,238540,238540,238540,238540,238540,238540,238540
Gibraltar,10,10,10,10,10,10,10,10,10,10,10,10,10,10,10,10,10,10,10,10,10,10,10,10,10,10,10,10,10,10,10,10,10,10,10,10,10,10,10,10,10,10,10,10,10,10,10,10,10,10,10,10,10,10,10
Guinea,245860,245860,245860,245860,245860,245860,245860,245860,245860,245860,245860,245860,245860,245860,245860,245860,245860,245860,245860,245860,245860,245860,245860,245860,245860,245860,245860,245860,245860,245860,245860,245860,245860,245860,245860,245860,245860,245860,245860,245860,245860,245860,245860,245860,245860,245860,245860,245860,245860,245860,245860,245860,245860,245860,245860
"Gambia, The",11300,11300,11300,11300,11300,11300,11300,11300,11300,11300,11300,11300,11300,11300,11300,11300,11300,11300,11300,11300,11300,11300,11300,11300,11300,11300,11300,11300,11300,11300,11300,11300,11300,11300,11300,11300,11300,11300,11300,11300,11300,11300,11300,11300,11300,11300,11300,11300,11300,11300,11300,11300,11300,11300,11300
Guinea-Bissau,36130,36130,36130,36130,36130,36130,36130,36130,36130,36130,36130,36130,36130,36130,36130,36130,36130,36130,36130,36130,36130,36130,36130,36130,36130,36130,36130,36130,36130,36130,36130,36130,36130,36130,36130,36130,36130,36130,36130,36130,36130,36130,36130,36130,36130,36130,36130,36130,36130,36130,36130,36130,36130,36130,36130
Equatorial Guinea,28050,28050,28050,28050,28050,28050,28050,28050,28050,28050,28050,28050,28050,28050,28050,28050,28050,28050,28050,28050,28050,28050,28050,28050,28050,28050,28050,28050,28050,28050,28050,28050,28050,28050,28050,28050,28050,28050,28050,28050,28050,28050,28050,28050,28050,28050,28050,28050,28050,28050,28050,28050,28050,28050,28050
Greece,131960,131960,131960,131960,131960,131960,131960,131960,131960,131960,131960,131960,131960,131960,131960,131960,131960,131960,131960,131960,131960,131960,131960,131960,131960,131960,131960,131960,131960,131960,131960,131960,131960,131960,131960,131960,131960,131960,131960,131960,131960,131960,131960,131960,131960,131960,131960,131960,131960,131960,131960,131960,131960,131960,131960
Grenada,340,340,340,340,340,340,340,340,340,340,340,340,340,340,340,340,340,340,340,340,340,340,340,340,340,340,340,340,340,340,340,340,340,340,340,340,340,340,340,340,340,340,340,340,340,340,340,340,340,340,340,340,340,340,340
Greenland,341700,341700,341700,341700,341700,341700,341700,341700,341700,341700,341700,341700,341700,341700,341700,341700,341700,341700,341700,341700,341700,341700,341700,341700,341700,341700,341700,341700,341700,341700,341700,341700,341700,341700,341700,341700,410450,410450,410450,410450,410450,410450,410450,410450,410450,410450,410450,410450,410450,410450,410450,410450,410450,410450,410450
Guatemala,108890,108890,108890,108890,108890,108890,108890,108890,108890,108890,108890,108890,108890,108890,108890,108890,108890,108890,108890,108890,108890,108890,108890,108890,108890,108890,108890,108890,108890,108890,108890,108890,108890,108890,108890,108890,108890,108890,108890,108890,108890,108890,108890,108890,108890,108890,108890,108890,108890,108890,108890,108890,108890,108890,108890
Guam,540,540,540,540,540,540,540,540,540,540,540,540,540,540,540,540,540,540,540,540,540,540,540,540,540,540,540,540,540,540,540,540,540,540,540,540,540,540,540,540,540,540,540,540,540,540,540,540,540,540,540,540,540,540,540
Guyana,214970,214970,214970,214970,214970,214970,214970,214970,214970,214970,214970,214970,214970,214970,214970,214970,214970,214970,214970,214970,214970,214970,214970,214970,214970,214970,214970,214970,214970,214970,214970,214970,214970,214970,214970,214970,214970,214970,214970,214970,214970,214970,214970,214970,214970,214970,214970,214970,214970,214970,214970,214970,214970,214970,214970
High income,39458942.4,39458942.4,39458942.4,39458942.4,39458942.4,39458942.4,39458942.4,39458942.4,39458942.4,39458942.4,39458942.4,39458942.4,39458942.4,39458942.4,39458942.4,39458942.4,39458942.4,39458942.4,39458942.4,39458852.4,39458852.4,39458852.4,39458852.4,39458852.4,39458852.4,39458852.4,39458852.4,39458852.4,39458852.4,39458852.4,39459772.4,39459792.4,39459812.4,39459822.4,39459852.4,39459942.4,39528692.4,39528622.4,39528622.4,39563703.4,39564089.4,39564465.4,39564857.4,39564660.4,39564720.4,39565056,39565097.6,39764727.6,39764940.9,39765262.1,39765256.3,39762676.3,39763011.7,39763069.7,39763069.7
"Hong Kong SAR, China",1070,1070,1070,1070,1070,1070,1070,1070,1070,1070,1070,1070,1070,1070,1070,1070,1070,1070,1070,1070,1070,1070,1070,1070,1070,1070,1070,1070,1070,1070,1070,1070,1070,1070,1080,1090,1090,1090,1090,1100,1100,1100,1100,1100,1100,1100,1100,1100,1100,1100,1100,1100,1100,1105,1105
Honduras,112490,112490,112490,112490,112490,112490,112490,112490,112490,112490,112490,112490,112490,112490,112490,112490,112490,112490,112490,112490,112490,112490,112490,112490,112490,112490,112490,112490,112490,112490,112490,112490,112490,112490,112490,112490,112490,112490,112490,112490,112490,112490,112490,112490,112490,112490,112490,112490,112490,112490,112490,112490,112490,112490,112490
Heavily indebted poor countries (HIPC),20393351,20393351,20393351,20393351,20393351,20393351,20393351,20393351,20393351,20393351,20393351,20393351,20393351,20393351,20393351,20393351,20393351,20393351,20393351,20393351,20393351,20393351,20393351,20393351,20393351,20393351,20393351,20393351,20393351,20393351,20393351,20393351,20393351,20393351,20393351,20393351,20393351,20393351,20393351,20393351,20393351,20393351,20393351,20393351,20393351,20393351,20393351,20393351,20393351,20393351,19767153.5,19767153.5,19767153.5,19767153.5,19767153.5
Croatia,56540,56540,56540,56540,56540,56540,56540,56540,56540,56540,56540,56540,56540,56540,56540,56540,56540,56540,56540,56540,56540,56540,56540,56540,56540,56540,56540,56540,56540,56540,56540,56540,56540,56540,56540,56610,56610,56540,56540,56540,56540,56540,56540,56590,56590,56590,56590,56590,56590,56590,56590,56590,56590,56590,56590
Haiti,27750,27750,27750,27750,27750,27750,27750,27750,27750,27750,27750,27750,27750,27750,27750,27750,27750,27750,27750,27750,27750,27750,27750,27750,27750,27750,27750,27750,27750,27750,27750,27750,27750,27750,27750,27750,27750,27750,27750,27750,27750,27750,27750,27750,27750,27750,27750,27750,27750,27750,27750,27750,27750,27750,27750
Hungary,93030,93030,93030,93030,93030,93030,93030,93030,93030,93030,93030,93030,93030,93030,93030,93030,93030,93030,93030,93030,93030,93030,93030,93030,93030,93030,93030,93030,93030,93030,93030,93030,93030,93030,93030,93030,93030,93030,93030,93030,93030,93030,93030,93030,93030,93030,93030,93030,93030,93030,93030,93030,93030,93030,93030
IBRD only,71393466,71393466,71393466,71393466,71393466,71393466,71393466,71393466,71393466,71393466,71393466,71393466,71393466,71393466,71393466,71393466,71391346,71391346,71393386,71393376,71393376,71393376,71393376,71393376,71393376,71393376,71392036,71392046,71392046,71392716,71393206,71393238,71393248,71393248,71393238,71393298,71393298,71366038,71366038,71364158,71364162.2,71364211.2,71364220.7,71364284.5,71366181.8,71366171.4,71366170.8,71366009.8,71363470,71363385,71363388,71363210,71363212,71363207,71363207
IDA & IBRD total,98511344,98511344,98511344,98511344,98511344,98511344,98511344,98511344,98511344,98511344,98511344,98511344,98511344,98511344,98511344,98511344,98509224,98509224,98511264,98511254,98511254,98511254,98511254,98511254,98511254,98511254,98509914,98509924,98509924,98510594,98511964,98511996,98512086,98505163,98505163,98505223,98505213,98477953,98477953,98476073,98476077.2,98476126.2,98476135.7,98474526.5,98476423.8,98476413.4,98476412.8,98476251.8,98473711,98473626,98491761.5,98491583.5,98491585.5,98489576.5,98489576.5
IDA total,27117878,27117878,27117878,27117878,27117878,27117878,27117878,27117878,27117878,27117878,27117878,27117878,27117878,27117878,27117878,27117878,27117878,27117878,27117878,27117878,27117878,27117878,27117878,27117878,27117878,27117878,27117878,27117878,27117878,27117878,27118758,27118758,27118838,27111915,27111925,27111925,27111915,27111915,27111915,27111915,27111915,27111915,27111915,27110242,27110242,27110242,27110242,27110242,27110241,27110241,27128373.5,27128373.5,27128373.5,27126369.5,27126369.5
IDA blend,6037560,6037560,6037560,6037560,6037560,6037560,6037560,6037560,6037560,6037560,6037560,6037560,6037560,6037560,6037560,6037560,6037560,6037560,6037560,6037560,6037560,6037560,6037560,6037560,6037560,6037560,6037560,6037560,6037560,6037560,6037560,6037560,6037640,6037640,6037650,6037650,6037640,6037640,6037640,6037640,6037640,6037640,6037640,6037650,6037650,6037650,6037650,6037650,6037650,6037650,6037650,6037650,6037650,6037650,6037650
Indonesia,1910930,1910930,1910930,1910930,1910930,1910930,1910930,1910930,1910930,1910930,1910930,1910930,1910930,1910930,1910930,1910930,1910930,1910930,1910930,1910930,1910930,1910930,1910930,1910930,1910930,1910930,1910930,1910930,1910930,1910930,1910930,1910930,1910930,1910930,1910930,1910930,1910930,1910930,1910930,1910930,1910930,1910930,1910930,1910930,1910930,1910930,1910930,1910930,1910930,1910930,1910930,1910930,1910930,1910931,1910931
IDA only,21080318,21080318,21080318,21080318,21080318,21080318,21080318,21080318,21080318,21080318,21080318,21080318,21080318,21080318,21080318,21080318,21080318,21080318,21080318,21080318,21080318,21080318,21080318,21080318,21080318,21080318,21080318,21080318,21080318,21080318,21081198,21081198,21081198,21074275,21074275,21074275,21074275,21074275,21074275,21074275,21074275,21074275,21074275,21072592,21072592,21072592,21072592,21072592,21072591,21072591,21090723.5,21090723.5,21090723.5,21088719.5,21088719.5
Isle of Man,570,570,570,570,570,570,570,570,570,570,570,570,570,570,570,570,570,570,570,570,570,570,570,570,570,570,570,570,570,570,570,570,570,570,570,570,570,570,570,570,570,570,570,570,570,570,570,570,570,570,570,570,570,570,570
India,3287260,3287260,3287260,3287260,3287260,3287260,3287260,3287260,3287260,3287260,3287260,3287260,3287260,3287260,3287260,3287260,3287260,3287260,3287260,3287260,3287260,3287260,3287260,3287260,3287260,3287260,3287260,3287260,3287260,3287260,3287260,3287260,3287260,3287260,3287260,3287260,3287260,3287260,3287260,3287260,3287260,3287260,3287260,3287260,3287260,3287260,3287260,3287260,3287260,3287260,3287260,3287260,3287260,3287259,3287259
Ireland,70280,70280,70280,70280,70280,70280,70280,70280,70280,70280,70280,70280,70280,70280,70280,70280,70280,70280,70280,70280,70280,70280,70280,70280,70280,70280,70280,70280,70280,70280,70280,70280,70280,70280,70280,70280,70280,70280,70280,70280,70280,70280,70280,70280,70280,70280,70280,70280,70280,70280,70280,70280,70280,70280,70280
"Iran, Islamic Rep.",1745150,1745150,1745150,1745150,1745150,1745150,1745150,1745150,1745150,1745150,1745150,1745150,1745150,1745150,1745150,1745150,1745150,1745150,1745150,1745150,1745150,1745150,1745150,1745150,1745150,1745150,1745150,1745150,1745150,1745150,1745150,1745150,1745150,1745150,1745150,1745150,1745150,1745150,1745150,1745150,1745150,1745150,1745150,1745150,1745150,1745150,1745150,1745150,1745150,1745150,1745150,1745150,1745150,1745150,1745150
Iraq,438320,438320,438320,438320,438320,438320,438320,438320,438320,438320,438320,438320,438320,438320,438320,438320,438320,438320,438320,438320,438320,438320,438320,438320,438320,438320,438320,438320,438320,438320,438320,438320,438320,438320,438320,438320,438320,438320,438320,438320,438320,438320,438320,438320,438320,438320,438320,438320,435240,435240,435240,435050,435050,435050,435050
Iceland,103000,103000,103000,103000,103000,103000,103000,103000,103000,103000,103000,103000,103000,103000,103000,103000,103000,103000,103000,103000,103000,103000,103000,103000,103000,103000,103000,103000,103000,103000,103000,103000,103000,103000,103000,103000,103000,103000,103000,103000,103000,103000,103000,103000,103000,103000,103000,103000,103000,103000,103000,103000,103000,103000,103000
Israel,22070,22070,22070,22070,22070,22070,22070,22070,22070,22070,22070,22070,22070,22070,22070,22070,22070,22070,22070,22070,22070,22070,22070,22070,22070,22070,22070,22070,22070,22070,22070,22070,22070,22070,22070,22070,22070,22070,22070,22070,22070,22070,22070,22070,22070,22070,22070,22070,22070,22070,22070,22070,22070,22070,22070
Italy,301340,301340,301340,301340,301340,301340,301340,301340,301340,301340,301340,301340,301340,301340,301340,301340,301340,301340,301340,301340,301340,301340,301340,301340,301340,301340,301340,301340,301340,301340,301340,301340,301340,301340,301340,301340,301340,301340,301340,301340,301340,301340,301340,301340,301340,301340,301340,301340,301340,301340,301340,301340,301340,301340,301340
Jamaica,10990,10990,10990,10990,10990,10990,10990,10990,10990,10990,10990,10990,10990,10990,10990,10990,10990,10990,10990,10990,10990,10990,10990,10990,10990,10990,10990,10990,10990,10990,10990,10990,10990,10990,10990,10990,10990,10990,10990,10990,10990,10990,10990,10990,10990,10990,10990,10990,10990,10990,10990,10990,10990,10990,10990
Jordan,88780,88780,88780,88780,88780,88780,88780,88780,88780,88780,88780,88780,88780,88780,88780,88780,88780,88780,88780,88780,88780,88780,88780,88780,88780,88780,88780,88780,88780,88780,88780,88780,88780,88780,88780,88780,88780,88780,88780,88780,88780,88780,88780,88780,88780,88780,88780,88780,89320,89320,89320,89320,89320,89320,89320
Japan,377800,377800,377800,377800,377800,377800,377800,377800,377800,377800,377800,377800,377800,377800,377800,377800,377800,377800,377800,377800,377800,377800,377800,377800,377800,377800,377800,377800,377800,377800,377800,377800,377800,377800,377800,377800,377800,377800,377800,377800,377880,377890,377900,377910,377910,377920,377930,377940,377947,377950,377955,377960,377962,377962,377962
Kazakhstan,2724900,2724900,2724900,2724900,2724900,2724900,2724900,2724900,2724900,2724900,2724900,2724900,2724900,2724900,2724900,2724900,2724900,2724900,2724900,2724900,2724900,2724900,2724900,2724900,2724900,2724900,2724900,2724900,2724900,2724900,2724900,2724902,2724902,2724902,2724902,2724902,2724902,2724902,2724902,2724902,2724902,2724902,2724902,2724902,2724902,2724902,2724902,2724902,2724902,2724902,2724902,2724902,2724902,2724902,2724902
Kenya,580370,580370,580370,580370,580370,580370,580370,580370,580370,580370,580370,580370,580370,580370,580370,580370,580370,580370,580370,580370,580370,580370,580370,580370,580370,580370,580370,580370,580370,580370,580370,580370,580370,580370,580370,580370,580370,580370,580370,580370,580370,580370,580370,580370,580370,580370,580370,580370,580370,580370,580370,580370,580370,580370,580370
Kyrgyz Republic,199950,199950,199950,199950,199950,199950,199950,199950,199950,199950,199950,199950,199950,199950,199950,199950,199950,199950,199950,199950,199950,199950,199950,199950,199950,199950,199950,199950,199950,199950,199950,199950,199950,199950,199950,199950,199950,199950,199950,199950,199950,199950,199950,199950,199950,199950,199950,199950,199949,199949,199949,199949,199949,199949,199949
Cambodia,181040,181040,181040,181040,181040,181040,181040,181040,181040,181040,181040,181040,181040,181040,181040,181040,181040,181040,181040,181040,181040,181040,181040,181040,181040,181040,181040,181040,181040,181040,181040,181040,181040,181040,181040,181040,181040,181040,181040,181040,181040,181040,181040,181040,181040,181040,181040,181040,181040,181040,181040,181040,181040,181040,181040
Kiribati,810,810,810,810,810,810,810,810,810,810,810,810,810,810,810,810,810,810,810,810,810,810,810,810,810,810,810,810,810,810,810,810,810,810,810,810,810,810,810,810,810,810,810,810,810,810,810,810,810,810,810,810,810,810,810
St. Kitts and Nevis,350,350,350,350,350,350,350,350,350,350,350,350,350,350,350,350,350,350,350,260,260,260,260,260,260,260,260,260,260,260,260,260,260,260,260,260,260,260,260,260,260,260,260,260,260,260,260,260,260,260,260,260,260,260,260
"Korea, Rep.",99260,99260,99260,99260,99260,99260,99260,99260,99260,99260,99260,99260,99260,99260,99260,99260,99260,99260,99260,99260,99260,99260,99260,99260,99260,99260,99260,99260,99260,99260,99260,99260,99260,99260,99260,99260,99260,99260,99260,99260,99540,99590,99600,99620,99650,99680,99720,99830,99900,100030,100030,100150,100266,100280,100280
Kuwait,17820,17820,17820,17820,17820,17820,17820,17820,17820,17820,17820,17820,17820,17820,17820,17820,17820,17820,17820,17820,17820,17820,17820,17820,17820,17820,17820,17820,17820,17820,17820,17820,17820,17820,17820,17820,17820,17820,17820,17820,17820,17820,17820,17820,17820,17820,17820,17820,17820,17820,17820,17820,17820,17820,17820
Latin America & Caribbean (excluding high income),16633110,16633110,16633110,16633110,16633110,16633110,16633110,16633110,16633110,16633110,16633110,16633110,16633110,16633110,16633110,16633110,16633110,16633110,16633110,16633110,16633110,16633110,16633110,16633110,16633110,16633110,16633110,16633110,16633110,16633110,16633110,16633110,16633110,16633110,16633110,16633110,16633110,16605920,16605920,16605920,16605920,16605920,16605920,16605920,16605920,16605920,16605920,16605920,16605920,16605912,16605912,16605910,16605911,16605911,16605911
Lao PDR,236800,236800,236800,236800,236800,236800,236800,236800,236800,236800,236800,236800,236800,236800,236800,236800,236800,236800,236800,236800,236800,236800,236800,236800,236800,236800,236800,236800,236800,236800,236800,236800,236800,236800,236800,236800,236800,236800,236800,236800,236800,236800,236800,236800,236800,236800,236800,236800,236800,236800,236800,236800,236800,236800,236800
Lebanon,10450,10450,10450,10450,10450,10450,10450,10450,10450,10450,10450,10450,10450,10450,10450,10450,10450,10450,10450,10450,10450,10450,10450,10450,10450,10450,10450,10450,10450,10450,10450,10450,10450,10450,10450,10450,10450,10450,10450,10450,10450,10450,10450,10450,10450,10450,10450,10450,10450,10450,10450,10450,10450,10450,10450
Liberia,111370,111370,111370,111370,111370,111370,111370,111370,111370,111370,111370,111370,111370,111370,111370,111370,111370,111370,111370,111370,111370,111370,111370,111370,111370,111370,111370,111370,111370,111370,111370,111370,111370,111370,111370,111370,111370,111370,111370,111370,111370,111370,111370,111370,111370,111370,111370,111370,111370,111370,111370,111370,111370,111370,111370
Libya,1759540,1759540,1759540,1759540,1759540,1759540,1759540,1759540,1759540,1759540,1759540,1759540,1759540,1759540,1759540,1759540,1759540,1759540,1759540,1759540,1759540,1759540,1759540,1759540,1759540,1759540,1759540,1759540,1759540,1759540,1759540,1759540,1759540,1759540,1759540,1759540,1759540,1759540,1759540,1759540,1759540,1759540,1759540,1759540,1759540,1759540,1759540,1759540,1759540,1759540,1759540,1759540,1759540,1759540,1759540
St. Lucia,620,620,620,620,620,620,620,620,620,620,620,620,620,620,620,620,620,620,620,620,620,620,620,620,620,620,620,620,620,620,620,620,620,620,620,620,620,620,620,620,620,620,620,620,620,620,620,620,620,620,620,620,620,620,620
Latin America & Caribbean,20452772.4,20452772.4,20452772.4,20452772.4,20452772.4,20452772.4,20452772.4,20452772.4,20452772.4,20452772.4,20452772.4,20452772.4,20452772.4,20452772.4,20452772.4,20452772.4,20452772.4,20452772.4,20452772.4,20452682.4,20452682.4,20452682.4,20452682.4,20452682.4,20452682.4,20452682.4,20452682.4,20452682.4,20452682.4,20452682.4,20452682.4,20452682.4,20452682.4,20452682.4,20452682.4,20452682.4,20452682.4,20425492.4,20425492.4,20425492.4,20425492.4,20425492.4,20425492.4,20425492.4,20425492.4,20425492.4,20425492.4,20425492.4,20425492.4,20425484.4,20425484.4,20425482.4,20425483.4,20425483.4,20425483.4
Least developed countries: UN classification,20780601,20780601,20780601,20780601,20780601,20780601,20780601,20780601,20780601,20780601,20780601,20780601,20780601,20780601,20780601,20780601,20780601,20780601,20780601,20780601,20780601,20780601,20780601,20780601,20780601,20780601,20780601,20780601,20780601,20780601,20780601,20780601,20780601,20773678,20773678,20773678,20773678,20773678,20773678,20773678,20773678,20773678,20773678,20771995,20771995,20771995,20771995,20771995,20771995,20771995,20790127.5,20790127.5,20790127.5,20789297.5,20789297.5
Low income,14682601,14682601,14682601,14682601,14682601,14682601,14682601,14682601,14682601,14682601,14682601,14682601,14682601,14682601,14682601,14682601,14682601,14682601,14682601,14682601,14682601,14682601,14682601,14682601,14682601,14682601,14682601,14682601,14682601,14682601,14682601,14682601,14682601,14682601,14682601,14682601,14682601,14682601,14682601,14682601,14682601,14682601,14682601,14682601,14682601,14682601,14682601,14682601,14682601,14682601,15327186,15327186,15327186,15326012,15326012
Liechtenstein,160,160,160,160,160,160,160,160,160,160,160,160,160,160,160,160,160,160,160,160,160,160,160,160,160,160,160,160,160,160,160,160,160,160,160,160,160,160,160,160,160,160,160,160,160,160,160,160,160,160,160,160,160,160,160
Sri Lanka,65610,65610,65610,65610,65610,65610,65610,65610,65610,65610,65610,65610,65610,65610,65610,65610,65610,65610,65610,65610,65610,65610,65610,65610,65610,65610,65610,65610,65610,65610,65610,65610,65610,65610,65610,65610,65610,65610,65610,65610,65610,65610,65610,65610,65610,65610,65610,65610,65610,65610,65610,65610,65610,65610,65610
Lower middle income,22904887,22904887,22904887,22904887,22904887,22904887,22904887,22904887,22904887,22904887,22904887,22904887,22904887,22904887,22904887,22904887,22902767,22902767,22904807,22904887,22904887,22904887,22904887,22904887,22904887,22904887,22903547,22903557,22903557,22904227,22904957,22904987,22905077,22898154,22898164,22898164,22898154,22898154,22898154,22896284,22896294,22896344,22896354,22894685,22896583,22896583,22896583,22896422,22896421,22896324,22269874.5,22269888.5,22269889.5,22269054.5,22269054.5
Low & middle income,94584248,94584248,94584248,94584248,94584248,94584248,94584248,94584248,94584248,94584248,94584248,94584248,94584248,94584248,94584248,94584248,94582128,94582128,94584168,94584248,94584248,94584248,94584248,94584248,94584248,94584248,94582908,94582918,94582918,94583588,94584498,94584530,94584620,94577697,94577697,94577687,94577677,94550487,94550487,94548607,94548611.2,94548660.2,94548669.7,94547010.5,94548907.8,94548907.4,94548906.8,94548745.8,94546205,94546110,94564245.5,94564067.5,94564069.5,94562060.5,94562060.5
Lesotho,30360,30360,30360,30360,30360,30360,30360,30360,30360,30360,30360,30360,30360,30360,30360,30360,30360,30360,30360,30360,30360,30360,30360,30360,30360,30360,30360,30360,30360,30360,30360,30360,30360,30360,30360,30360,30360,30360,30360,30360,30360,30360,30360,30360,30360,30360,30360,30360,30360,30360,30360,30360,30360,30360,30360
Late-demographic dividend,45769895,45769895,45769895,45769895,45769895,45769895,45769895,45769895,45769895,45769895,45769895,45769895,45769895,45769895,45769895,45769895,45767775,45767775,45769815,45769895,45769895,45769895,45769895,45769895,45769895,45769895,45768555,45768565,45768565,45769235,45769265,45769297,45769397,45769397,45769397,45769387,45769377,45769377,45769377,45767497,45767501.2,45767550.2,45767559.7,45767573.5,45769470.8,45769460.4,45769459.8,45769303.8,45769309,45769169,45769141,45769153,45769165,45769159,45769159
Lithuania,65300,65300,65300,65300,65300,65300,65300,65300,65300,65300,65300,65300,65300,65300,65300,65300,65300,65300,65300,65300,65300,65300,65300,65300,65300,65300,65300,65300,65300,65300,65300,65300,65300,65300,65300,65300,65300,65300,65300,65300,65300,65300,65300,65300,65300,65300,65300,65300,65300,65300,65300,65300,65300,65286,65286
Luxembourg,,,,,,,,,,,,,,,,,,,,,,,,,,,,,,,,,,,,,,,,2590,2590,2590,2590,2590,2590,2590,2590,2590,2590,2590,2590,2590,2590,2590,2590
Latvia,64559,64559,64559,64559,64559,64559,64559,64559,64559,64559,64559,64559,64559,64559,64559,64559,64559,64559,64559,64559,64559,64559,64559,64559,64559,64559,64559,64559,64559,64559,64559,64559,64559,64559,64559,64559,64559,64559,64559,64559,64559,64559,64559,64559,64559,64559,64559,64559,64560,64510,64480,64480,64490,64490,64490
"Macao SAR, China",20,20,20,20,20,20,20,20,20,20,20,20,20,20,20,20,20,20,20,20,20,20,20,20,20,20,20,20,20,20,20,20,20,20,20,20,20,20,20,20,26,27,27,28,28,28.6,29.2,29.2,29.5,29.7,29.9,29.9,30.3,30.3,30.3
St. Martin (French part),54.4,54.4,54.4,54.4,54.4,54.4,54.4,54.4,54.4,54.4,54.4,54.4,54.4,54.4,54.4,54.4,54.4,54.4,54.4,54.4,54.4,54.4,54.4,54.4,54.4,54.4,54.4,54.4,54.4,54.4,54.4,54.4,54.4,54.4,54.4,54.4,54.4,54.4,54.4,54.4,54.4,54.4,54.4,54.4,54.4,54.4,54.4,54.4,54.4,54.4,54.4,54.4,54.4,54.4,54.4
Morocco,446550,446550,446550,446550,446550,446550,446550,446550,446550,446550,446550,446550,446550,446550,446550,446550,446550,446550,446550,446550,446550,446550,446550,446550,446550,446550,446550,446550,446550,446550,446550,446550,446550,446550,446550,446550,446550,446550,446550,446550,446550,446550,446550,446550,446550,446550,446550,446550,446550,446550,446550,446550,446550,446550,446550
Monaco,2,2,2,2,2,2,2,2,2,2,2,2,2,2,2,2,2,2,2,2,2,2,2,2,2,2,2,2,2,2,2,2,2,2,2,2,2,2,2,2,2,2,2,2,2,2,2,2,2,2,2,2,2,2,2
Moldova,33760,33760,33760,33760,33760,33760,33760,33760,33760,33760,33760,33760,33760,33760,33760,33760,33760,33760,33760,33760,33760,33760,33760,33760,33760,33760,33760,33760,33760,33760,33760,33760,33840,33840,33850,33850,33840,33840,33840,33840,33840,33840,33840,33850,33850,33850,33850,33850,33850,33850,33850,33850,33850,33850,33850
Madagascar,587040,587040,587040,587040,587040,587040,587040,587040,587040,587040,587040,587040,587040,587040,587040,587040,587040,587040,587040,587040,587040,587040,587040,587040,587040,587040,587040,587040,587040,587040,587040,587040,587040,587040,587040,587040,587040,587040,587040,587040,587040,587040,587040,587040,587040,587040,587040,587040,587040,587040,587295,587295,587295,587295,587295
Maldives,300,300,300,300,300,300,300,300,300,300,300,300,300,300,300,300,300,300,300,300,300,300,300,300,300,300,300,300,300,300,300,300,300,300,300,300,300,300,300,300,300,300,300,300,300,300,300,300,300,300,300,300,300,300,300
Middle East & North Africa,11373260,11373260,11373260,11373260,11373260,11373260,11373260,11373260,11373260,11373260,11373260,11373260,11373260,11373260,11373260,11373260,11373260,11373260,11373260,11373260,11373260,11373260,11373260,11373260,11373260,11373260,11373260,11373260,11373260,11373260,11373260,11373280,11373280,11373280,11373280,11373280,11373280,11373280,11373280,11373280,11373280,11373280,11373290,11373300,11373310,11373310,11373320,11373330,11370790,11370792,11370797,11370610,11370610,11370611,11370611
Mexico,1964380,1964380,1964380,1964380,1964380,1964380,1964380,1964380,1964380,1964380,1964380,1964380,1964380,1964380,1964380,1964380,1964380,1964380,1964380,1964380,1964380,1964380,1964380,1964380,1964380,1964380,1964380,1964380,1964380,1964380,1964380,1964380,1964380,1964380,1964380,1964380,1964380,1964380,1964380,1964380,1964380,1964380,1964380,1964380,1964380,1964380,1964380,1964380,1964380,1964380,1964380,1964380,1964380,1964380,1964380
Marshall Islands,,,,,,,,,,,,,,,,,,,,,,,,,,,,,,,180,180,180,180,180,180,180,180,180,180,180,180,180,180,180,180,180,180,180,180,180,180,180,180,180
Middle income,79901647,79901647,79901647,79901647,79901647,79901647,79901647,79901647,79901647,79901647,79901647,79901647,79901647,79901647,79901647,79901647,79899527,79899527,79901567,79901647,79901647,79901647,79901647,79901647,79901647,79901647,79900307,79900317,79900317,79900987,79901897,79901929,79902019,79895096,79895096,79895086,79895076,79867886,79867886,79866006,79866010.2,79866059.2,79866068.7,79864409.5,79866306.8,79866306.4,79866305.8,79866144.8,79863604,79863509,79237059.5,79236881.5,79236883.5,79236048.5,79236048.5
"Macedonia, FYR",25710,25710,25710,25710,25710,25710,25710,25710,25710,25710,25710,25710,25710,25710,25710,25710,25710,25710,25710,25710,25710,25710,25710,25710,25710,25710,25710,25710,25710,25710,25710,25710,25710,25710,25710,25710,25710,25710,25710,25710,25710,25710,25710,25710,25710,25710,25710,25710,25710,25710,25710,25710,25710,25710,25710
Mali,1240190,1240190,1240190,1240190,1240190,1240190,1240190,1240190,1240190,1240190,1240190,1240190,1240190,1240190,1240190,1240190,1240190,1240190,1240190,1240190,1240190,1240190,1240190,1240190,1240190,1240190,1240190,1240190,1240190,1240190,1240190,1240190,1240190,1240190,1240190,1240190,1240190,1240190,1240190,1240190,1240190,1240190,1240190,1240190,1240190,1240190,1240190,1240190,1240190,1240190,1240190,1240190,1240190,1240190,1240190
Malta,320,320,320,320,320,320,320,320,320,320,320,320,320,320,320,320,320,320,320,320,320,320,320,320,320,320,320,320,320,320,320,320,320,320,320,320,320,320,320,320,320,320,320,320,320,320,320,320,320,320,320,320,320,320,320
Myanmar,676590,676590,676590,676590,676590,676590,676590,676590,676590,676590,676590,676590,676590,676590,676590,676590,676590,676590,676590,676590,676590,676590,676590,676590,676590,676590,676590,676590,676590,676590,676590,676590,676590,676590,676590,676590,676590,676590,676590,676590,676590,676590,676590,676590,676590,676590,676590,676590,676590,676590,676590,676590,676590,676590,676590
Middle East & North Africa (excluding high income),8777960,8777960,8777960,8777960,8777960,8777960,8777960,8777960,8777960,8777960,8777960,8777960,8777960,8777960,8777960,8777960,8777960,8777960,8777960,8777960,8777960,8777960,8777960,8777960,8777960,8777960,8777960,8777960,8777960,8777960,8777960,8777960,8777960,8777960,8777960,8777960,8777960,8777960,8777960,8777960,8777960,8777960,8777960,8777960,8777960,8777960,8777960,8777960,8775420,8775420,8775420,8775230,8775230,8775230,8775230
Montenegro,13810,13810,13810,13810,13810,13810,13810,13810,13810,13810,13810,13810,13810,13810,13810,13810,13810,13810,13810,13810,13810,13810,13810,13810,13810,13810,13810,13810,13810,13810,13810,13810,13810,13810,13810,13810,13810,13810,13810,13810,13810,13810,13810,13810,13810,13810,13810,13810,13810,13810,13810,13810,13810,13810,13810
Mongolia,1564120,1564120,1564120,1564120,1564120,1564120,1564120,1564120,1564120,1564120,1564120,1564120,1564120,1564120,1564120,1564120,1564120,1564120,1564120,1564120,1564120,1564120,1564120,1564120,1564120,1564120,1564120,1564120,1564120,1564120,1564120,1564120,1564120,1564120,1564120,1564120,1564120,1564120,1564120,1564120,1564120,1564120,1564120,1564120,1564120,1564120,1564120,1564120,1564120,1564120,1564120,1564120,1564120,1564120,1564120
Northern Mariana Islands,,,,,,,,,,,,,,,,,,,,,,,,,,,,,,,460,460,460,460,460,460,460,460,460,460,460,460,460,460,460,460,460,460,460,460,460,460,460,460,460
Mozambique,799380,799380,799380,799380,799380,799380,799380,799380,799380,799380,799380,799380,799380,799380,799380,799380,799380,799380,799380,799380,799380,799380,799380,799380,799380,799380,799380,799380,799380,799380,799380,799380,799380,799380,799380,799380,799380,799380,799380,799380,799380,799380,799380,799380,799380,799380,799380,799380,799380,799380,799380,799380,799380,799380,799380
Mauritania,1030700,1030700,1030700,1030700,1030700,1030700,1030700,1030700,1030700,1030700,1030700,1030700,1030700,1030700,1030700,1030700,1030700,1030700,1030700,1030700,1030700,1030700,1030700,1030700,1030700,1030700,1030700,1030700,1030700,1030700,1030700,1030700,1030700,1030700,1030700,1030700,1030700,1030700,1030700,1030700,1030700,1030700,1030700,1030700,1030700,1030700,1030700,1030700,1030700,1030700,1030700,1030700,1030700,1030700,1030700
Mauritius,2040,2040,2040,2040,2040,2040,2040,2040,2040,2040,2040,2040,2040,2040,2040,2040,2040,2040,2040,2040,2040,2040,2040,2040,2040,2040,2040,2040,2040,2040,2040,2040,2040,2040,2040,2040,2040,2040,2040,2040,2040,2040,2040,2040,2040,2040,2040,2040,2040,2040,2040,2040,2040,2040,2040
Malawi,118480,118480,118480,118480,118480,118480,118480,118480,118480,118480,118480,118480,118480,118480,118480,118480,118480,118480,118480,118480,118480,118480,118480,118480,118480,118480,118480,118480,118480,118480,118480,118480,118480,118480,118480,118480,118480,118480,118480,118480,118480,118480,118480,118480,118480,118480,118480,118480,118480,118480,118480,118480,118480,118480,118480
Malaysia,330800,330800,330800,330800,330800,330800,330800,330800,330800,330800,330800,330800,330800,330800,330800,330800,330800,330800,330800,330800,330800,330800,330800,330800,330800,330800,330800,330800,330800,330800,330800,330800,330800,330800,330800,330800,330800,330800,330800,330800,330800,330800,330800,330800,330800,330800,330800,330800,330800,330800,330800,330800,330800,330800,330800
North America,19613810,19613810,19613810,19613810,19613810,19613810,19613810,19613810,19613810,19613810,19613810,19613810,19613810,19613810,19613810,19613810,19613810,19613810,19613810,19613810,19613810,19613810,19613810,19613810,19613810,19613810,19613810,19613810,19613810,19613810,19613810,19613810,19613810,19613810,19613810,19613810,19613810,19613810,19613810,19616750,19616750,19616750,19616750,19616750,19616750,19616750,19616750,19816230,19816230,19816230,19816230,19816230,19816230,19816230,19816230
Namibia,824290,824290,824290,824290,824290,824290,824290,824290,824290,824290,824290,824290,824290,824290,824290,824290,824290,824290,824290,824290,824290,824290,824290,824290,824290,824290,824290,824290,824290,824290,824290,824290,824290,824290,824290,824290,824290,824290,824290,824290,824290,824290,824290,824290,824290,824290,824290,824290,824290,824290,824290,824290,824290,824290,824290
New Caledonia,18580,18580,18580,18580,18580,18580,18580,18580,18580,18580,18580,18580,18580,18580,18580,18580,18580,18580,18580,18580,18580,18580,18580,18580,18580,18580,18580,18580,18580,18580,18580,18580,18580,18580,18580,18580,18580,18580,18580,18580,18580,18580,18580,18580,18580,18580,18580,18580,18580,18580,18580,18580,18580,18580,18580
Niger,1267000,1267000,1267000,1267000,1267000,1267000,1267000,1267000,1267000,1267000,1267000,1267000,1267000,1267000,1267000,1267000,1267000,1267000,1267000,1267000,1267000,1267000,1267000,1267000,1267000,1267000,1267000,1267000,1267000,1267000,1267000,1267000,1267000,1267000,1267000,1267000,1267000,1267000,1267000,1267000,1267000,1267000,1267000,1267000,1267000,1267000,1267000,1267000,1267000,1267000,1267000,1267000,1267000,1267000,1267000
Nigeria,923770,923770,923770,923770,923770,923770,923770,923770,923770,923770,923770,923770,923770,923770,923770,923770,923770,923770,923770,923770,923770,923770,923770,923770,923770,923770,923770,923770,923770,923770,923770,923770,923770,923770,923770,923770,923770,923770,923770,923770,923770,923770,923770,923770,923770,923770,923770,923770,923770,923770,923770,923770,923770,923770,923770
Nicaragua,130370,130370,130370,130370,130370,130370,130370,130370,130370,130370,130370,130370,130370,130370,130370,130370,130370,130370,130370,130370,130370,130370,130370,130370,130370,130370,130370,130370,130370,130370,130370,130370,130370,130370,130370,130370,130370,130370,130370,130370,130370,130370,130370,130370,130370,130370,130370,130370,130370,130370,130370,130370,130370,130370,130370
Netherlands,41530,41530,41530,41530,41530,41530,41530,41530,41530,41530,41530,41530,41530,41530,41530,41530,41530,41530,41530,41530,41530,41530,41530,41530,41530,41530,41530,41530,41530,41530,41530,41530,41530,41530,41530,41530,41530,41530,41530,41530,41530,41530,41530,41530,41540,41540,41540,41540,41540,41540,41540,41540,41540,41540,41540
Norway,385178,385178,385178,385178,385178,385178,385178,385178,385178,385178,385178,385178,385178,385178,385178,385178,385178,385178,385178,385178,385178,385178,385178,385178,385178,385178,385178,385178,385178,385178,385178,385178,385178,385178,385178,385178,385178,385178,385178,385178,385178,385178,385178,385178,385178,385178,385178,385178,385178,385178,385178,385178,385178,385178,385178
Nepal,147180,147180,147180,147180,147180,147180,147180,147180,147180,147180,147180,147180,147180,147180,147180,147180,147180,147180,147180,147180,147180,147180,147180,147180,147180,147180,147180,147180,147180,147180,147180,147180,147180,147180,147180,147180,147180,147180,147180,147180,147180,147180,147180,147180,147180,147180,147180,147180,147180,147180,147180,147180,147180,147180,147180
Nauru,20,20,20,20,20,20,20,20,20,20,20,20,20,20,20,20,20,20,20,20,20,20,20,20,20,20,20,20,20,20,20,20,20,20,20,20,20,20,20,20,20,20,20,20,20,20,20,20,20,20,20,20,20,20,20
New Zealand,267710,267710,267710,267710,267710,267710,267710,267710,267710,267710,267710,267710,267710,267710,267710,267710,267710,267710,267710,267710,267710,267710,267710,267710,267710,267710,267710,267710,267710,267710,267710,267710,267710,267710,267710,267710,267710,267710,267710,267710,267710,267710,267710,267710,267710,267710,267710,267710,267710,267710,267710,267710,267710,267710,267710
OECD members,36029098,36029098,36029098,36029098,36029098,36029098,36029098,36029098,36029098,36029098,36029098,36029098,36029098,36029098,36029098,36029098,36029098,36029098,36029098,36029098,36029098,36029098,36029098,36029098,36029098,36029098,36029098,36029098,36029098,36029098,36029098,36029098,36029118,36029128,36029148,36029158,36029158,36029158,36029158,36064229,36064609,36064979,36065349,36065089,36065139,36065469,36065499,36265114,36265327,36265644,36265631,36263046,36263380,36263444,36263444
Oman,309500,309500,309500,309500,309500,309500,309500,309500,309500,309500,309500,309500,309500,309500,309500,309500,309500,309500,309500,309500,309500,309500,309500,309500,309500,309500,309500,309500,309500,309500,309500,309500,309500,309500,309500,309500,309500,309500,309500,309500,309500,309500,309500,309500,309500,309500,309500,309500,309500,309500,309500,309500,309500,309500,309500
Other small states,2081351,2081351,2081351,2081351,2081351,2081351,2081351,2081351,2081351,2081351,2081351,2081351,2081351,2081351,2081351,2081351,2081351,2081351,2081351,2081351,2081351,2081351,2081351,2081351,2081351,2081351,2081351,2081351,2081351,2081351,2081351,2081371,2081371,2074448,2074448,2074448,2074448,2074448,2074448,2074448,2074448,2074448,2074458,2072785,2072795,2072795,2072805,2072815,2072815,2072817,2072822,2072825,2072825,2072826,2072826
Pakistan,796100,796100,796100,796100,796100,796100,796100,796100,796100,796100,796100,796100,796100,796100,796100,796100,796100,796100,796100,796100,796100,796100,796100,796100,796100,796100,796100,796100,796100,796100,796100,796100,796100,796100,796100,796100,796100,796100,796100,796100,796100,796100,796100,796100,796100,796100,796100,796100,796100,796100,796100,796100,796100,796100,796100
Panama,75420,75420,75420,75420,75420,75420,75420,75420,75420,75420,75420,75420,75420,75420,75420,75420,75420,75420,75420,75420,75420,75420,75420,75420,75420,75420,75420,75420,75420,75420,75420,75420,75420,75420,75420,75420,75420,75420,75420,75420,75420,75420,75420,75420,75420,75420,75420,75420,75420,75420,75420,75420,75420,75420,75420
Peru,1285220,1285220,1285220,1285220,1285220,1285220,1285220,1285220,1285220,1285220,1285220,1285220,1285220,1285220,1285220,1285220,1285220,1285220,1285220,1285220,1285220,1285220,1285220,1285220,1285220,1285220,1285220,1285220,1285220,1285220,1285220,1285220,1285220,1285220,1285220,1285220,1285220,1285220,1285220,1285220,1285220,1285220,1285220,1285220,1285220,1285220,1285220,1285220,1285220,1285220,1285220,1285220,1285220,1285220,1285220
Philippines,300000,300000,300000,300000,300000,300000,300000,300000,300000,300000,300000,300000,300000,300000,300000,300000,300000,300000,300000,300000,300000,300000,300000,300000,300000,300000,300000,300000,300000,300000,300000,300000,300000,300000,300000,300000,300000,300000,300000,300000,300000,300000,300000,300000,300000,300000,300000,300000,300000,300000,300000,300000,300000,300000,300000
Palau,,,,,,,,,,,,,,,,,,,,,,,,,,,,,,,460,460,460,460,460,460,460,460,460,460,460,460,460,460,460,460,460,460,460,460,460,460,460,460,460
Papua New Guinea,462840,462840,462840,462840,462840,462840,462840,462840,462840,462840,462840,462840,462840,462840,462840,462840,462840,462840,462840,462840,462840,462840,462840,462840,462840,462840,462840,462840,462840,462840,462840,462840,462840,462840,462840,462840,462840,462840,462840,462840,462840,462840,462840,462840,462840,462840,462840,462840,462840,462840,462840,462840,462840,462840,462840
Poland,312690,312690,312690,312690,312690,312690,312690,312690,312690,312690,312690,312690,312690,312690,312690,312690,312690,312690,312690,312690,312690,312690,312690,312690,312690,312690,312690,312690,312690,312690,312690,312690,312690,312690,312690,312690,312690,312690,312690,312690,312690,312690,312690,312690,312690,312680,312680,312680,312680,312680,312680,312680,312680,312680,312680
Pre-demographic dividend,20553531,20553531,20553531,20553531,20553531,20553531,20553531,20553531,20553531,20553531,20553531,20553531,20553531,20553531,20553531,20553531,20553531,20553531,20553531,20553531,20553531,20553531,20553531,20553531,20553531,20553531,20553531,20553531,20553531,20553531,20553531,20553531,20671131,20671131,20671131,20671131,20671131,20671131,20671131,20671131,20671131,20671131,20671131,20671131,20671131,20671131,20671131,20671131,20668051,20668051,20686183.5,20685993.5,20685993.5,20685993.5,20685993.5
Puerto Rico,8870,8870,8870,8870,8870,8870,8870,8870,8870,8870,8870,8870,8870,8870,8870,8870,8870,8870,8870,8870,8870,8870,8870,8870,8870,8870,8870,8870,8870,8870,8870,8870,8870,8870,8870,8870,8870,8870,8870,8870,8870,8870,8870,8870,8870,8870,8870,8870,8870,8870,8870,8870,8870,8870,8870
"Korea, Dem. Peoples Rep.",120540,120540,120540,120540,120540,120540,120540,120540,120540,120540,120540,120540,120540,120540,120540,120540,120540,120540,120540,120540,120540,120540,120540,120540,120540,120540,120540,120540,120540,120540,120540,120540,120540,120540,120540,120540,120540,120540,120540,120540,120540,120540,120540,120540,120540,120540,120540,120540,120540,120540,120540,120540,120540,120540,120540
Portugal,92120,92120,92120,92120,92120,92120,92120,92120,92120,92120,92120,92120,92120,92120,92120,92120,92120,92120,92120,92120,92120,92120,92120,92120,92120,92120,92120,92120,92120,92120,92120,92120,92120,92120,92120,92120,92120,92120,92120,92120,92120,92120,92120,92120,92090,92090,92090,92090,92210,92210,92210,92210,92220,92225,92225
Paraguay,406750,406750,406750,406750,406750,406750,406750,406750,406750,406750,406750,406750,406750,406750,406750,406750,406750,406750,406750,406750,406750,406750,406750,406750,406750,406750,406750,406750,406750,406750,406750,406750,406750,406750,406750,406750,406750,406750,406750,406750,406750,406750,406750,406750,406750,406750,406750,406750,406750,406752,406752,406752,406752,406752,406752
West Bank and Gaza,6020,6020,6020,6020,6020,6020,6020,6020,6020,6020,6020,6020,6020,6020,6020,6020,6020,6020,6020,6020,6020,6020,6020,6020,6020,6020,6020,6020,6020,6020,6020,6020,6020,6020,6020,6020,6020,6020,6020,6020,6020,6020,6020,6020,6020,6020,6020,6020,6020,6020,6020,6020,6020,6020,6020
Pacific island small states,63810,63810,63810,63810,63810,63810,63810,63810,63810,63810,63810,63810,63810,63810,63810,63810,63810,63810,63810,63810,63810,63810,63810,63810,63810,63810,63810,63810,63810,63810,65150,65150,65150,65150,65150,65150,65150,65150,65150,65150,65150,65150,65150,65150,65150,65150,65150,65150,65150,65150,65150,65150,65150,65150,65150
Post-demographic dividend,33064463,33064463,33064463,33064463,33064463,33064463,33064463,33064463,33064463,33064463,33064463,33064463,33064463,33064463,33064463,33064463,33064463,33064463,33064463,33064463,33064463,33064463,33064463,33064463,33064463,33064463,33064463,33064463,33064463,33064463,33064463,33064463,33064473,33064483,33064513,33064603,33064603,33064533,33064533,33099614,33100000,33100376,33100758,33100561,33100611,33100956.6,33100988.2,33300603.2,33300810.5,33301172.7,33301192.9,33298609.9,33298935.3,33298993.3,33298993.3
French Polynesia,4000,4000,4000,4000,4000,4000,4000,4000,4000,4000,4000,4000,4000,4000,4000,4000,4000,4000,4000,4000,4000,4000,4000,4000,4000,4000,4000,4000,4000,4000,4000,4000,4000,4000,4000,4000,4000,4000,4000,4000,4000,4000,4000,4000,4000,4000,4000,4000,4000,4000,4000,4000,4000,4000,4000
Qatar,11610,11610,11610,11610,11610,11610,11610,11610,11610,11610,11610,11610,11610,11610,11610,11610,11610,11610,11610,11610,11610,11610,11610,11610,11610,11610,11610,11610,11610,11610,11610,11610,11610,11610,11610,11610,11610,11610,11610,11610,11610,11610,11610,11610,11610,11610,11610,11610,11610,11610,11610,11610,11610,11610,11610
Romania,238390,238390,238390,238390,238390,238390,238390,238390,238390,238390,238390,238390,238390,238390,238390,238390,238390,238390,238390,238390,238390,238390,238390,238390,238390,238390,238390,238390,238390,238390,238390,238390,238390,238390,238390,238390,238390,238390,238390,238390,238390,238390,238390,238390,238390,238390,238390,238390,238390,238390,238390,238390,238390,238390,238390
Russian Federation,17098240,17098240,17098240,17098240,17098240,17098240,17098240,17098240,17098240,17098240,17098240,17098240,17098240,17098240,17098240,17098240,17098240,17098240,17098240,17098240,17098240,17098240,17098240,17098240,17098240,17098240,17098240,17098240,17098240,17098240,17098240,17098240,17098240,17098240,17098240,17098240,17098240,17098240,17098240,17098240,17098240,17098240,17098240,17098240,17098240,17098240,17098240,17098240,17098240,17098250,17098250,17098250,17098250,17098250,17098250
Rwanda,26340,26340,26340,26340,26340,26340,26340,26340,26340,26340,26340,26340,26340,26340,26340,26340,26340,26340,26340,26340,26340,26340,26340,26340,26340,26340,26340,26340,26340,26340,26340,26340,26340,26340,26340,26340,26340,26340,26340,26340,26340,26340,26340,26340,26340,26340,26340,26340,26340,26340,26340,26340,26340,26340,26340
South Asia,5144770,5144770,5144770,5144770,5144770,5144770,5144770,5144770,5144770,5144770,5144770,5144770,5144770,5144770,5144770,5144770,5144770,5144770,5144770,5144770,5144770,5144770,5144770,5144770,5144770,5144770,5144770,5144770,5144770,5144770,5144770,5144770,5144770,5137847,5137847,5137847,5137847,5137847,5137847,5137847,5137847,5137847,5137847,5136164,5136164,5136164,5136164,5136164,5136164,5136164,5136164,5136164,5136164,5135333,5135333
Saudi Arabia,2149690,2149690,2149690,2149690,2149690,2149690,2149690,2149690,2149690,2149690,2149690,2149690,2149690,2149690,2149690,2149690,2149690,2149690,2149690,2149690,2149690,2149690,2149690,2149690,2149690,2149690,2149690,2149690,2149690,2149690,2149690,2149690,2149690,2149690,2149690,2149690,2149690,2149690,2149690,2149690,2149690,2149690,2149690,2149690,2149690,2149690,2149690,2149690,2149690,2149690,2149690,2149690,2149690,2149690,2149690
Sudan,2505810,2505810,2505810,2505810,2505810,2505810,2505810,2505810,2505810,2505810,2505810,2505810,2505810,2505810,2505810,2505810,2505810,2505810,2505810,2505810,2505810,2505810,2505810,2505810,2505810,2505810,2505810,2505810,2505810,2505810,2505810,2505810,2505810,2505810,2505810,2505810,2505810,2505810,2505810,2505810,2505810,2505810,2505810,2505810,2505810,2505810,2505810,2505810,2505810,2505810,1879357.5,1879357.5,1879357.5,1879357.5,1879357.5
Senegal,196710,196710,196710,196710,196710,196710,196710,196710,196710,196710,196710,196710,196710,196710,196710,196710,196710,196710,196710,196710,196710,196710,196710,196710,196710,196710,196710,196710,196710,196710,196710,196710,196710,196710,196710,196710,196710,196710,196710,196710,196710,196710,196710,196710,196710,196710,196710,196710,196710,196710,196710,196710,196710,196710,196710
Singapore,680,680,680,680,680,680,680,680,680,680,680,680,680,680,680,680,680,680,680,680,680,680,680,680,680,680,680,680,680,680,680,680,680,680,680,680,680,680,680,680,680,685,697,699,699,704,705,710,710,712,714,716,717,719,719
Solomon Islands,28900,28900,28900,28900,28900,28900,28900,28900,28900,28900,28900,28900,28900,28900,28900,28900,28900,28900,28900,28900,28900,28900,28900,28900,28900,28900,28900,28900,28900,28900,28900,28900,28900,28900,28900,28900,28900,28900,28900,28900,28900,28900,28900,28900,28900,28900,28900,28900,28900,28900,28900,28900,28900,28900,28900
Sierra Leone,72300,72300,72300,72300,72300,72300,72300,72300,72300,72300,72300,72300,72300,72300,72300,72300,72300,72300,72300,72300,72300,72300,72300,72300,72300,72300,72300,72300,72300,72300,72300,72300,72300,72300,72300,72300,72300,72300,72300,72300,72300,72300,72300,72300,72300,72300,72300,72300,72300,72300,72300,72300,72300,72300,72300
El Salvador,21040,21040,21040,21040,21040,21040,21040,21040,21040,21040,21040,21040,21040,21040,21040,21040,21040,21040,21040,21040,21040,21040,21040,21040,21040,21040,21040,21040,21040,21040,21040,21040,21040,21040,21040,21040,21040,21040,21040,21040,21040,21040,21040,21040,21040,21040,21040,21040,21040,21040,21040,21040,21040,21040,21040
San Marino,60,60,60,60,60,60,60,60,60,60,60,60,60,60,60,60,60,60,60,60,60,60,60,60,60,60,60,60,60,60,60,60,60,60,60,60,60,60,60,60,60,60,60,60,60,60,60,60,60,60,60,60,60,60,60
Somalia,637660,637660,637660,637660,637660,637660,637660,637660,637660,637660,637660,637660,637660,637660,637660,637660,637660,637660,637660,637660,637660,637660,637660,637660,637660,637660,637660,637660,637660,637660,637660,637660,637660,637660,637660,637660,637660,637660,637660,637660,637660,637660,637660,637660,637660,637660,637660,637660,637660,637660,637660,637660,637660,637660,637660
Serbia,88360,88360,88360,88360,88360,88360,88360,88360,88360,88360,88360,88360,88360,88360,88360,88360,88360,88360,88360,88360,88360,88360,88360,88360,88360,88360,88360,88360,88360,88360,88360,88360,88360,88360,88360,88360,88360,88360,88360,88360,88360,88360,88360,88360,88360,88360,88360,88360,88360,88360,88360,88360,88360,88360,88360
Sub-Saharan Africa (excluding high income),24272551,24272551,24272551,24272551,24272551,24272551,24272551,24272551,24272551,24272551,24272551,24272551,24272551,24272551,24272551,24272551,24272551,24272551,24272551,24272551,24272551,24272551,24272551,24272551,24272551,24272551,24272551,24272551,24272551,24272551,24272551,24272551,24272551,24272551,24272551,24272551,24272551,24272551,24272551,24272551,24272551,24272551,24272551,24272551,24272551,24272551,24272551,24272551,24272551,24272551,24290683.5,24290683.5,24290683.5,24290683.5,24290683.5
South Sudan,,,,,,,,,,,,,,,,,,,,,,,,,,,,,,,,,,,,,,,,,,,,,,,,,,,644330,644330,644330,644330,644330
Sub-Saharan Africa,24273011,24273011,24273011,24273011,24273011,24273011,24273011,24273011,24273011,24273011,24273011,24273011,24273011,24273011,24273011,24273011,24273011,24273011,24273011,24273011,24273011,24273011,24273011,24273011,24273011,24273011,24273011,24273011,24273011,24273011,24273011,24273011,24273011,24273011,24273011,24273011,24273011,24273011,24273011,24273011,24273011,24273011,24273011,24273011,24273011,24273011,24273011,24273011,24273011,24273011,24291143.5,24291143.5,24291143.5,24291143.5,24291143.5
Small states,2580241,2580241,2580241,2580241,2580241,2580241,2580241,2580241,2580241,2580241,2580241,2580241,2580241,2580241,2580241,2580241,2580241,2580241,2580241,2580151,2580151,2580151,2580151,2580151,2580151,2580151,2580151,2580151,2580151,2580151,2581491,2581511,2581511,2574588,2574588,2574588,2574588,2574588,2574588,2574588,2574588,2574588,2574598,2572925,2572935,2572935,2572945,2572955,2572955,2572957,2572962,2572965,2572965,2572966,2572966
Sao Tome and Principe,960,960,960,960,960,960,960,960,960,960,960,960,960,960,960,960,960,960,960,960,960,960,960,960,960,960,960,960,960,960,960,960,960,960,960,960,960,960,960,960,960,960,960,960,960,960,960,960,960,960,960,960,960,960,960
Suriname,163820,163820,163820,163820,163820,163820,163820,163820,163820,163820,163820,163820,163820,163820,163820,163820,163820,163820,163820,163820,163820,163820,163820,163820,163820,163820,163820,163820,163820,163820,163820,163820,163820,163820,163820,163820,163820,163820,163820,163820,163820,163820,163820,163820,163820,163820,163820,163820,163820,163820,163820,163820,163820,163820,163820
Slovak Republic,49030,49030,49030,49030,49030,49030,49030,49030,49030,49030,49030,49030,49030,49030,49030,49030,49030,49030,49030,49030,49030,49030,49030,49030,49030,49030,49030,49030,49030,49030,49030,49030,49030,49030,49030,49030,49030,49030,49030,49030,49030,49030,49030,49030,49030,49030,49030,49035,49040,49037,49036,49036,49036,49035,49035
Slovenia,20270,20270,20270,20270,20270,20270,20270,20270,20270,20270,20270,20270,20270,20270,20270,20270,20270,20270,20270,20270,20270,20270,20270,20270,20270,20270,20270,20270,20270,20270,20270,20270,20270,20270,20270,20270,20270,20270,20270,20270,20270,20270,20270,20270,20270,20270,20270,20270,20270,20270,20270,20270,20270,20270,20270
Sweden,450300,450300,450300,450300,450300,450300,450300,450300,450300,450300,450300,450300,450300,450300,450300,450300,450300,450300,450300,450300,450300,450300,450300,450300,450300,450300,450300,450300,450300,450300,450300,450300,450300,450300,450300,450300,450300,450300,450300,450300,450300,450300,450300,450300,450300,450300,450300,450300,450300,450300,450300,447420,447420,447420,447420
Swaziland,17360,17360,17360,17360,17360,17360,17360,17360,17360,17360,17360,17360,17360,17360,17360,17360,17360,17360,17360,17360,17360,17360,17360,17360,17360,17360,17360,17360,17360,17360,17360,17360,17360,17360,17360,17360,17360,17360,17360,17360,17360,17360,17360,17360,17360,17360,17360,17360,17360,17360,17360,17360,17360,17360,17360
Sint Maarten (Dutch part),34,34,34,34,34,34,34,34,34,34,34,34,34,34,34,34,34,34,34,34,34,34,34,34,34,34,34,34,34,34,34,34,34,34,34,34,34,34,34,34,34,34,34,34,34,34,34,34,34,34,34,34,34,34,34
Seychelles,460,460,460,460,460,460,460,460,460,460,460,460,460,460,460,460,460,460,460,460,460,460,460,460,460,460,460,460,460,460,460,460,460,460,460,460,460,460,460,460,460,460,460,460,460,460,460,460,460,460,460,460,460,460,460
Syrian Arab Republic,185180,185180,185180,185180,185180,185180,185180,185180,185180,185180,185180,185180,185180,185180,185180,185180,185180,185180,185180,185180,185180,185180,185180,185180,185180,185180,185180,185180,185180,185180,185180,185180,185180,185180,185180,185180,185180,185180,185180,185180,185180,185180,185180,185180,185180,185180,185180,185180,185180,185180,185180,185180,185180,185180,185180
Turks and Caicos Islands,950,950,950,950,950,950,950,950,950,950,950,950,950,950,950,950,950,950,950,950,950,950,950,950,950,950,950,950,950,950,950,950,950,950,950,950,950,950,950,950,950,950,950,950,950,950,950,950,950,950,950,950,950,950,950
Chad,1284000,1284000,1284000,1284000,1284000,1284000,1284000,1284000,1284000,1284000,1284000,1284000,1284000,1284000,1284000,1284000,1284000,1284000,1284000,1284000,1284000,1284000,1284000,1284000,1284000,1284000,1284000,1284000,1284000,1284000,1284000,1284000,1284000,1284000,1284000,1284000,1284000,1284000,1284000,1284000,1284000,1284000,1284000,1284000,1284000,1284000,1284000,1284000,1284000,1284000,1284000,1284000,1284000,1284000,1284000
East Asia & Pacific (IDA & IBRD countries),16149560,16149560,16149560,16149560,16149560,16149560,16149560,16149560,16149560,16149560,16149560,16149560,16149560,16149560,16149560,16149560,16147440,16147440,16149480,16149560,16149560,16149560,16149560,16149560,16149560,16149560,16148220,16148230,16148230,16148900,16150270,16150300,16150320,16150320,16150310,16150300,16150300,16150300,16150300,16148420,16148424.2,16148473.2,16148482.7,16148486.5,16150383.8,16150383.4,16150382.8,16150221.8,16150222,16150125,16150128,16150142,16150143,16150139,16150139
Europe & Central Asia (IDA & IBRD countries),23854787,23854787,23854787,23854787,23854787,23854787,23854787,23854787,23854787,23854787,23854787,23854787,23854787,23854787,23854787,23854787,23854787,23854787,23854787,23854787,23854787,23854787,23854787,23854787,23854787,23854787,23854787,23854787,23854787,23854787,23854787,23854789,23854859,23854859,23854869,23854939,23854929,23854859,23854859,23854859,23854859,23854859,23854859,23854929,23854929,23854919,23854919,23854919,23854918,23854928,23854928,23854928,23854928,23853754,23853754
Togo,56790,56790,56790,56790,56790,56790,56790,56790,56790,56790,56790,56790,56790,56790,56790,56790,56790,56790,56790,56790,56790,56790,56790,56790,56790,56790,56790,56790,56790,56790,56790,56790,56790,56790,56790,56790,56790,56790,56790,56790,56790,56790,56790,56790,56790,56790,56790,56790,56790,56790,56790,56790,56790,56790,56790
Thailand,513120,513120,513120,513120,513120,513120,513120,513120,513120,513120,513120,513120,513120,513120,513120,513120,513120,513120,513120,513120,513120,513120,513120,513120,513120,513120,513120,513120,513120,513120,513120,513120,513120,513120,513120,513120,513120,513120,513120,513120,513120,513120,513120,513120,513120,513120,513120,513120,513120,513120,513120,513120,513120,513120,513120
Tajikistan,142550,142550,142550,142550,142550,142550,142550,142550,142550,142550,142550,142550,142550,142550,142550,142550,142550,142550,142550,142550,142550,142550,142550,142550,142550,142550,142550,142550,142550,142550,142550,142550,142550,142550,142550,142550,142550,142550,142550,142550,142550,142550,142550,142550,142550,142550,142550,142550,142550,142550,142550,142550,142550,141376,141376
Turkmenistan,488100,488100,488100,488100,488100,488100,488100,488100,488100,488100,488100,488100,488100,488100,488100,488100,488100,488100,488100,488100,488100,488100,488100,488100,488100,488100,488100,488100,488100,488100,488100,488100,488100,488100,488100,488100,488100,488100,488100,488100,488100,488100,488100,488100,488100,488100,488100,488100,488100,488100,488100,488100,488100,488100,488100
Latin America & the Caribbean (IDA & IBRD countries),20317276,20317276,20317276,20317276,20317276,20317276,20317276,20317276,20317276,20317276,20317276,20317276,20317276,20317276,20317276,20317276,20317276,20317276,20317276,20317186,20317186,20317186,20317186,20317186,20317186,20317186,20317186,20317186,20317186,20317186,20317186,20317186,20317186,20317186,20317186,20317186,20317186,20289996,20289996,20289996,20289996,20289996,20289996,20289996,20289996,20289996,20289996,20289996,20289996,20289998,20289998,20289996,20289997,20289997,20289997
Timor-Leste,14870,14870,14870,14870,14870,14870,14870,14870,14870,14870,14870,14870,14870,14870,14870,14870,14870,14870,14870,14870,14870,14870,14870,14870,14870,14870,14870,14870,14870,14870,14870,14870,14870,14870,14870,14870,14870,14870,14870,14870,14870,14870,14870,14870,14870,14870,14870,14870,14870,14870,14870,14870,14870,14870,14870
Middle East & North Africa (IDA & IBRD countries),8771940,8771940,8771940,8771940,8771940,8771940,8771940,8771940,8771940,8771940,8771940,8771940,8771940,8771940,8771940,8771940,8771940,8771940,8771940,8771940,8771940,8771940,8771940,8771940,8771940,8771940,8771940,8771940,8771940,8771940,8771940,8771940,8771940,8771940,8771940,8771940,8771940,8771940,8771940,8771940,8771940,8771940,8771940,8771940,8771940,8771940,8771940,8771940,8769400,8769400,8769400,8769210,8769210,8769210,8769210
Tonga,750,750,750,750,750,750,750,750,750,750,750,750,750,750,750,750,750,750,750,750,750,750,750,750,750,750,750,750,750,750,750,750,750,750,750,750,750,750,750,750,750,750,750,750,750,750,750,750,750,750,750,750,750,750,750
South Asia (IDA & IBRD),5144770,5144770,5144770,5144770,5144770,5144770,5144770,5144770,5144770,5144770,5144770,5144770,5144770,5144770,5144770,5144770,5144770,5144770,5144770,5144770,5144770,5144770,5144770,5144770,5144770,5144770,5144770,5144770,5144770,5144770,5144770,5144770,5144770,5137847,5137847,5137847,5137847,5137847,5137847,5137847,5137847,5137847,5137847,5136164,5136164,5136164,5136164,5136164,5136164,5136164,5136164,5136164,5136164,5135333,5135333
Sub-Saharan Africa (IDA & IBRD countries),24273011,24273011,24273011,24273011,24273011,24273011,24273011,24273011,24273011,24273011,24273011,24273011,24273011,24273011,24273011,24273011,24273011,24273011,24273011,24273011,24273011,24273011,24273011,24273011,24273011,24273011,24273011,24273011,24273011,24273011,24273011,24273011,24273011,24273011,24273011,24273011,24273011,24273011,24273011,24273011,24273011,24273011,24273011,24273011,24273011,24273011,24273011,24273011,24273011,24273011,24291143.5,24291143.5,24291143.5,24291143.5,24291143.5
Trinidad and Tobago,5130,5130,5130,5130,5130,5130,5130,5130,5130,5130,5130,5130,5130,5130,5130,5130,5130,5130,5130,5130,5130,5130,5130,5130,5130,5130,5130,5130,5130,5130,5130,5130,5130,5130,5130,5130,5130,5130,5130,5130,5130,5130,5130,5130,5130,5130,5130,5130,5130,5130,5130,5130,5130,5130,5130
Tunisia,163610,163610,163610,163610,163610,163610,163610,163610,163610,163610,163610,163610,163610,163610,163610,163610,163610,163610,163610,163610,163610,163610,163610,163610,163610,163610,163610,163610,163610,163610,163610,163610,163610,163610,163610,163610,163610,163610,163610,163610,163610,163610,163610,163610,163610,163610,163610,163610,163610,163610,163610,163610,163610,163610,163610
Turkey,785350,785350,785350,785350,785350,785350,785350,785350,785350,785350,785350,785350,785350,785350,785350,785350,785350,785350,785350,785350,785350,785350,785350,785350,785350,785350,785350,785350,785350,785350,785350,785350,785350,785350,785350,785350,785350,785350,785350,785350,785350,785350,785350,785350,785350,785350,785350,785350,785350,785350,785350,785350,785350,785350,785350
Tuvalu,30,30,30,30,30,30,30,30,30,30,30,30,30,30,30,30,30,30,30,30,30,30,30,30,30,30,30,30,30,30,30,30,30,30,30,30,30,30,30,30,30,30,30,30,30,30,30,30,30,30,30,30,30,30,30
Tanzania,947300,947300,947300,947300,947300,947300,947300,947300,947300,947300,947300,947300,947300,947300,947300,947300,947300,947300,947300,947300,947300,947300,947300,947300,947300,947300,947300,947300,947300,947300,947300,947300,947300,947300,947300,947300,947300,947300,947300,947300,947300,947300,947300,947300,947300,947300,947300,947300,947300,947300,947300,947300,947300,947300,947300
Uganda,241550,241550,241550,241550,241550,241550,241550,241550,241550,241550,241550,241550,241550,241550,241550,241550,241550,241550,241550,241550,241550,241550,241550,241550,241550,241550,241550,241550,241550,241550,241550,241550,241550,241550,241550,241550,241550,241550,241550,241550,241550,241550,241550,241550,241550,241550,241550,241550,241550,241550,241550,241550,241550,241550,241550
Ukraine,603560,603560,603560,603560,603560,603560,603560,603560,603560,603560,603560,603560,603560,603560,603560,603560,603560,603560,603560,603560,603560,603560,603560,603560,603560,603560,603560,603560,603560,603560,603560,603560,603550,603550,603550,603550,603550,603550,603550,603550,603550,603550,603550,603550,603550,603550,603550,603550,603550,603550,603550,603550,603550,603550,603550
Upper middle income,56996760,56996760,56996760,56996760,56996760,56996760,56996760,56996760,56996760,56996760,56996760,56996760,56996760,56996760,56996760,56996760,56996760,56996760,56996760,56996760,56996760,56996760,56996760,56996760,56996760,56996760,56996760,56996760,56996760,56996760,56996940,56996942,56996942,56996942,56996932,56996922,56996922,56969732,56969732,56969722,56969716.2,56969715.2,56969714.7,56969724.5,56969723.8,56969723.4,56969722.8,56969722.8,56967183,56967185,56967185,56966993,56966994,56966994,56966994
Uruguay,176220,176220,176220,176220,176220,176220,176220,176220,176220,176220,176220,176220,176220,176220,176220,176220,176220,176220,176220,176220,176220,176220,176220,176220,176220,176220,176220,176220,176220,176220,176220,176220,176220,176220,176220,176220,176220,176220,176220,176220,176220,176220,176220,176220,176220,176220,176220,176220,176220,176220,176220,176220,176220,176220,176220
United States,9629090,9629090,9629090,9629090,9629090,9629090,9629090,9629090,9629090,9629090,9629090,9629090,9629090,9629090,9629090,9629090,9629090,9629090,9629090,9629090,9629090,9629090,9629090,9629090,9629090,9629090,9629090,9629090,9629090,9629090,9629090,9629090,9629090,9629090,9629090,9629090,9629090,9629090,9629090,9632030,9632030,9632030,9632030,9632030,9632030,9632030,9632030,9831510,9831510,9831510,9831510,9831510,9831510,9831510,9831510
Uzbekistan,447400,447400,447400,447400,447400,447400,447400,447400,447400,447400,447400,447400,447400,447400,447400,447400,447400,447400,447400,447400,447400,447400,447400,447400,447400,447400,447400,447400,447400,447400,447400,447400,447400,447400,447400,447400,447400,447400,447400,447400,447400,447400,447400,447400,447400,447400,447400,447400,447400,447400,447400,447400,447400,447400,447400
St. Vincent and the Grenadines,390,390,390,390,390,390,390,390,390,390,390,390,390,390,390,390,390,390,390,390,390,390,390,390,390,390,390,390,390,390,390,390,390,390,390,390,390,390,390,390,390,390,390,390,390,390,390,390,390,390,390,390,390,390,390
"Venezuela, RB",912050,912050,912050,912050,912050,912050,912050,912050,912050,912050,912050,912050,912050,912050,912050,912050,912050,912050,912050,912050,912050,912050,912050,912050,912050,912050,912050,912050,912050,912050,912050,912050,912050,912050,912050,912050,912050,912050,912050,912050,912050,912050,912050,912050,912050,912050,912050,912050,912050,912050,912050,912050,912050,912050,912050
British Virgin Islands,150,150,150,150,150,150,150,150,150,150,150,150,150,150,150,150,150,150,150,150,150,150,150,150,150,150,150,150,150,150,150,150,150,150,150,150,150,150,150,150,150,150,150,150,150,150,150,150,150,150,150,150,150,150,150
Virgin Islands (U.S.),350,350,350,350,350,350,350,350,350,350,350,350,350,350,350,350,350,350,350,350,350,350,350,350,350,350,350,350,350,350,350,350,350,350,350,350,350,350,350,350,350,350,350,350,350,350,350,350,350,350,350,350,350,350,350
Vietnam,331690,331690,331690,331690,331690,331690,331690,331690,331690,331690,331690,331690,331690,331690,331690,331690,329570,329570,331610,331690,331690,331690,331690,331690,331690,331690,330350,330360,330360,331030,331060,331090,331110,331110,331110,331110,331110,331110,331110,329240,329250,329300,329310,329314,331212,331212,331212,331051,331051,330954,330957,330971,330972,330967,330967
Vanuatu,12190,12190,12190,12190,12190,12190,12190,12190,12190,12190,12190,12190,12190,12190,12190,12190,12190,12190,12190,12190,12190,12190,12190,12190,12190,12190,12190,12190,12190,12190,12190,12190,12190,12190,12190,12190,12190,12190,12190,12190,12190,12190,12190,12190,12190,12190,12190,12190,12190,12190,12190,12190,12190,12190,12190
World,134043190.4,134043190.4,134043190.4,134043190.4,134043190.4,134043190.4,134043190.4,134043190.4,134043190.4,134043190.4,134043190.4,134043190.4,134043190.4,134043190.4,134043190.4,134043190.4,134041070.4,134041070.4,134043110.4,134043100.4,134043100.4,134043100.4,134043100.4,134043100.4,134043100.4,134043100.4,134041760.4,134041770.4,134041770.4,134042440.4,134044270.4,134044322.4,134044432.4,134037519.4,134037549.4,134037629.4,134106369.4,134079109.4,134079109.4,134112310.4,134112700.6,134113125.6,134113527.1,134111670.9,134113628.2,134113963.4,134114004.4,134313473.4,134311145.9,134311372.1,134329501.8,134326743.8,134327081.2,134325130.2,134325130.2
Samoa,2840,2840,2840,2840,2840,2840,2840,2840,2840,2840,2840,2840,2840,2840,2840,2840,2840,2840,2840,2840,2840,2840,2840,2840,2840,2840,2840,2840,2840,2840,2840,2840,2840,2840,2840,2840,2840,2840,2840,2840,2840,2840,2840,2840,2840,2840,2840,2840,2840,2840,2840,2840,2840,2840,2840
Kosovo,10887,10887,10887,10887,10887,10887,10887,10887,10887,10887,10887,10887,10887,10887,10887,10887,10887,10887,10887,10887,10887,10887,10887,10887,10887,10887,10887,10887,10887,10887,10887,10887,10887,10887,10887,10887,10887,10887,10887,10887,10887,10887,10887,10887,10887,10887,10887,10887,10887,10887,10887,10887,10887,10887,10887
"Yemen, Rep.",527970,527970,527970,527970,527970,527970,527970,527970,527970,527970,527970,527970,527970,527970,527970,527970,527970,527970,527970,527970,527970,527970,527970,527970,527970,527970,527970,527970,527970,527970,527970,527970,527970,527970,527970,527970,527970,527970,527970,527970,527970,527970,527970,527970,527970,527970,527970,527970,527970,527970,527970,527970,527970,527970,527970
South Africa,1219090,1219090,1219090,1219090,1219090,1219090,1219090,1219090,1219090,1219090,1219090,1219090,1219090,1219090,1219090,1219090,1219090,1219090,1219090,1219090,1219090,1219090,1219090,1219090,1219090,1219090,1219090,1219090,1219090,1219090,1219090,1219090,1219090,1219090,1219090,1219090,1219090,1219090,1219090,1219090,1219090,1219090,1219090,1219090,1219090,1219090,1219090,1219090,1219090,1219090,1219090,1219090,1219090,1219090,1219090
Zambia,752610,752610,752610,752610,752610,752610,752610,752610,752610,752610,752610,752610,752610,752610,752610,752610,752610,752610,752610,752610,752610,752610,752610,752610,752610,752610,752610,752610,752610,752610,752610,752610,752610,752610,752610,752610,752610,752610,752610,752610,752610,752610,752610,752610,752610,752610,752610,752610,752610,752610,752610,752610,752610,752610,752610
Zimbabwe,390760,390760,390760,390760,390760,390760,390760,390760,390760,390760,390760,390760,390760,390760,390760,390760,390760,390760,390760,390760,390760,390760,390760,390760,390760,390760,390760,390760,390760,390760,390760,390760,390760,390760,390760,390760,390760,390760,390760,390760,390760,390760,390760,390760,390760,390760,390760,390760,390760,390760,390760,390760,390760,390760,390760